date,blockCode,score,scoreChangePre,scoreChange,dataType,industryType,isTrack,isPpp
2024-10-25,980340.ZHBK,248.27,-124.13,62.07,2,0,0,0
2024-10-25,980352.ZHBK,220.05,-152.35,-16.93,2,1,0,0
2024-10-25,980357.ZHBK,176.8,-9.75,-33.41,2,0,0,0
2024-10-25,980372.ZHBK,164.11,-15.15,-12.62,2,1,0,0
2024-10-25,980376.ZHBK,144.96,-79.98,-49.99,2,0,0,0
2024-10-25,980338.ZHBK,134.37,-38.39,-0.0,2,1,0,0
2024-10-25,980753.ZHBK,128.47,-22.57,-20.84,2,0,0,0
2024-10-25,980358.ZHBK,127.68,-117.04,31.92,2,1,0,0
2024-10-25,980474.ZHBK,126.54,30.73,-18.08,2,1,0,0
2024-10-25,980366.ZHBK,122.81,-31.7,-23.77,2,0,0,0
2024-10-25,980363.ZHBK,109.24,84.41,14.9,2,1,0,0
2024-10-25,980343.ZHBK,109.0,-18.16,-24.22,2,0,0,0
2024-10-25,980345.ZHBK,101.88,-101.89,-3.52,2,0,0,0
2024-10-25,980365.ZHBK,101.88,-32.79,-3.52,2,1,0,0
2024-10-25,980473.ZHBK,94.17,-51.37,-0.0,2,1,0,0
2024-10-25,980477.ZHBK,90.28,-157.99,-45.14,2,1,0,0
2024-10-25,980368.ZHBK,88.09,-24.03,40.04,2,1,0,0
2024-10-25,980374.ZHBK,85.94,-103.12,-5.73,2,0,0,0
2024-10-25,980353.ZHBK,85.12,-95.76,-42.56,2,0,0,0
2024-10-25,980373.ZHBK,81.93,-115.44,-40.96,2,1,0,0
2024-10-25,980355.ZHBK,77.81,-51.88,3.7,2,0,0,0
2024-10-25,980360.ZHBK,75.23,-75.23,-0.0,2,1,0,0
2024-10-25,980476.ZHBK,74.48,-42.56,-26.6,2,1,0,0
2024-10-25,980364.ZHBK,74.06,-68.47,-22.36,2,1,0,0
2024-10-25,980475.ZHBK,71.62,-71.61,28.65,2,1,0,0
2024-10-25,980756.ZHBK,67.03,-52.14,-7.45,2,1,0,0
2024-10-25,980346.ZHBK,66.2,-49.66,-8.28,2,1,0,0
2024-10-25,980378.ZHBK,58.09,-126.62,-25.33,2,1,0,0
2024-10-25,980339.ZHBK,53.58,-5.36,-42.87,2,1,0,0
2024-10-25,980341.ZHBK,50.78,-39.5,5.64,2,1,0,0
2024-10-25,980362.ZHBK,44.18,-82.06,-22.09,2,1,0,0
2024-10-25,980336.ZHBK,39.2,-74.04,-17.42,2,1,0,0
2024-10-25,980750.ZHBK,38.91,-77.81,-16.67,2,1,0,0
2024-10-25,980371.ZHBK,37.55,-100.14,-12.52,2,1,0,0
2024-10-25,980348.ZHBK,31.92,-53.2,-10.64,2,0,0,0
2024-10-25,980335.ZHBK,25.39,-42.32,-0.0,2,1,0,0
2024-10-25,980379.ZHBK,0.0,-17.73,0.0,2,1,0,0
2024-10-25,980351.ZHBK,0.0,-135.42,-67.71,2,1,0,0
2024-10-24,980372.ZHBK,83.32,-207.03,-47.97,2,1,0,0
2024-10-24,980376.ZHBK,79.98,-189.95,-24.99,2,0,0,0
2024-10-24,980374.ZHBK,68.75,-143.23,-5.73,2,0,0,0
2024-10-24,980340.ZHBK,62.07,0.0,-62.06,2,0,0,0
2024-10-24,980475.ZHBK,57.29,-243.49,-42.97,2,1,0,0
2024-10-24,980345.ZHBK,56.21,-119.45,-3.51,2,0,0,0
2024-10-24,980473.ZHBK,51.37,-42.8,-34.24,2,1,0,0
2024-10-24,980378.ZHBK,49.16,-83.41,-14.89,2,1,0,0
2024-10-24,980366.ZHBK,45.56,-150.54,-29.71,2,0,0,0
2024-10-24,980477.ZHBK,45.14,-67.71,0.0,2,1,0,0
2024-10-24,980363.ZHBK,44.69,-456.81,-64.55,2,1,0,0
2024-10-24,980353.ZHBK,42.56,-148.96,-42.56,2,0,0,0
2024-10-24,980343.ZHBK,42.39,-169.54,-54.49,2,0,0,0
2024-10-24,980364.ZHBK,41.92,-234.76,-26.55,2,1,0,0
2024-10-24,980368.ZHBK,40.04,-240.26,-32.04,2,1,0,0
2024-10-24,980753.ZHBK,38.19,-138.9,-19.1,2,0,0,0
2024-10-24,980474.ZHBK,37.96,-329.02,-48.81,2,1,0,0
2024-10-24,980360.ZHBK,37.62,-82.75,0.0,2,1,0,0
2024-10-24,980358.ZHBK,37.24,-175.56,-10.64,2,1,0,0
2024-10-24,980365.ZHBK,35.13,-168.64,-30.45,2,1,0,0
2024-10-24,980338.ZHBK,34.55,-234.19,-30.72,2,1,0,0
2024-10-24,980335.ZHBK,33.85,-169.28,-0.0,2,1,0,0
2024-10-24,980373.ZHBK,29.79,-156.41,-22.35,2,1,0,0
2024-10-24,980357.ZHBK,27.84,-100.24,-26.45,2,0,0,0
2024-10-24,980339.ZHBK,26.79,-208.97,-10.72,2,1,0,0
2024-10-24,980371.ZHBK,25.04,-100.14,-6.25,2,1,0,0
2024-10-24,980346.ZHBK,24.83,-157.23,8.28,2,1,0,0
2024-10-24,980756.ZHBK,22.34,-148.96,7.44,2,1,0,0
2024-10-24,980336.ZHBK,21.78,-204.71,-17.42,2,1,0,0
2024-10-24,980476.ZHBK,21.28,-191.52,-10.64,2,1,0,0
2024-10-24,980362.ZHBK,18.94,-246.16,-18.93,2,1,0,0
2024-10-24,980352.ZHBK,16.93,-287.76,-84.63,2,1,0,0
2024-10-24,980341.ZHBK,16.93,-67.71,0.0,2,1,0,0
2024-10-24,980750.ZHBK,11.12,-250.12,-16.67,2,1,0,0
2024-10-24,980355.ZHBK,7.41,-62.99,-11.12,2,0,0,0
2024-10-24,980379.ZHBK,0.0,-53.2,0.0,2,1,0,0
2024-10-24,980351.ZHBK,0.0,-67.71,0.0,2,1,0,0
2024-10-24,980348.ZHBK,0.0,-21.28,-21.28,2,0,0,0
2024-10-23,980352.ZHBK,169.27,-236.98,-0.0,2,1,0,0
2024-10-23,980335.ZHBK,135.42,-177.73,25.39,2,1,0,0
2024-10-23,980353.ZHBK,127.68,-319.2,0.0,2,0,0,0
2024-10-23,980374.ZHBK,103.13,-360.94,-22.91,2,0,0,0
2024-10-23,980371.ZHBK,87.62,-538.26,-25.04,2,1,0,0
2024-10-23,980474.ZHBK,86.77,-410.37,-54.24,2,1,0,0
2024-10-23,980475.ZHBK,85.94,-429.69,-14.32,2,1,0,0
2024-10-23,980355.ZHBK,77.81,-392.79,-66.7,2,0,0,0
2024-10-23,980345.ZHBK,70.26,-389.97,-24.6,2,0,0,0
2024-10-23,980477.ZHBK,67.71,-496.53,-45.14,2,1,0,0
2024-10-23,980365.ZHBK,66.75,-311.51,-49.19,2,1,0,0
2024-10-23,980338.ZHBK,65.27,-264.9,-53.74,2,1,0,0
2024-10-23,980368.ZHBK,64.07,-400.43,-8.01,2,1,0,0
2024-10-23,980340.ZHBK,62.07,-310.33,0.0,2,0,0,0
2024-10-23,980360.ZHBK,60.19,-90.27,-7.52,2,1,0,0
2024-10-23,980372.ZHBK,58.07,-426.68,-53.02,2,1,0,0
2024-10-23,980753.ZHBK,52.08,-100.7,-43.41,2,0,0,0
2024-10-23,980376.ZHBK,49.99,-109.97,-34.99,2,0,0,0
2024-10-23,980358.ZHBK,47.88,-324.52,-15.96,2,1,0,0
2024-10-23,980362.ZHBK,47.34,-460.77,-53.65,2,1,0,0
2024-10-23,980373.ZHBK,44.69,-446.88,-67.03,2,1,0,0
2024-10-23,980366.ZHBK,43.58,-63.39,-41.6,2,0,0,0
2024-10-23,980339.ZHBK,42.87,-391.15,-26.79,2,1,0,0
2024-10-23,980348.ZHBK,42.56,-553.28,-127.68,2,0,0,0
2024-10-23,980346.ZHBK,41.38,-322.74,-66.2,2,1,0,0
2024-10-23,980476.ZHBK,37.24,-377.72,-85.12,2,1,0,0
2024-10-23,980756.ZHBK,37.24,-297.92,-59.58,2,1,0,0
2024-10-23,980364.ZHBK,36.33,-391.27,-57.29,2,1,0,0
2024-10-23,980357.ZHBK,36.2,-169.84,-38.98,2,0,0,0
2024-10-23,980378.ZHBK,34.26,-436.45,-56.61,2,1,0,0
2024-10-23,980473.ZHBK,34.24,-299.64,-0.0,2,1,0,0
2024-10-23,980750.ZHBK,33.35,-555.82,-27.79,2,1,0,0
2024-10-23,980343.ZHBK,30.28,-296.71,-66.6,2,0,0,0
2024-10-23,980341.ZHBK,28.21,-67.71,-11.29,2,1,0,0
2024-10-23,980336.ZHBK,26.13,-470.4,-17.43,2,1,0,0
2024-10-23,980363.ZHBK,19.86,-99.31,-19.86,2,1,0,0
2024-10-23,980379.ZHBK,0.0,-17.73,0.0,2,1,0,0
2024-10-23,980351.ZHBK,0.0,-270.84,0.0,2,1,0,0
2024-10-22,980340.ZHBK,310.33,-186.2,62.06,2,0,0,0
2024-10-22,980376.ZHBK,179.95,-419.89,-79.98,2,0,0,0
2024-10-22,980363.ZHBK,178.75,-511.43,-79.45,2,1,0,0
2024-10-22,980473.ZHBK,111.29,-445.17,-34.25,2,1,0,0
2024-10-22,980371.ZHBK,106.4,-194.02,-62.59,2,1,0,0
2024-10-22,980357.ZHBK,103.02,-445.49,-47.33,2,0,0,0
2024-10-22,980352.ZHBK,101.56,-152.35,-16.93,2,1,0,0
2024-10-22,980355.ZHBK,81.52,-403.9,-29.64,2,0,0,0
2024-10-22,980753.ZHBK,76.39,-491.32,-59.03,2,0,0,0
2024-10-22,980365.ZHBK,74.95,-367.71,-46.84,2,1,0,0
2024-10-22,980353.ZHBK,74.48,-297.92,-10.64,2,0,0,0
2024-10-22,980368.ZHBK,72.08,-176.19,-8.01,2,1,0,0
2024-10-22,980366.ZHBK,71.31,-493.23,-73.29,2,0,0,0
2024-10-22,980351.ZHBK,67.71,-609.38,0.0,2,1,0,0
2024-10-22,980372.ZHBK,65.64,-237.33,-40.4,2,1,0,0
2024-10-22,980338.ZHBK,61.43,-303.29,-46.07,2,1,0,0
2024-10-22,980474.ZHBK,57.85,-404.94,-37.96,2,1,0,0
2024-10-22,980343.ZHBK,54.5,-490.48,-90.83,2,0,0,0
2024-10-22,980476.ZHBK,53.2,-292.6,-31.92,2,1,0,0
2024-10-22,980348.ZHBK,53.2,-457.52,-31.92,2,0,0,0
2024-10-22,980364.ZHBK,53.1,-304.63,-36.33,2,1,0,0
2024-10-22,980373.ZHBK,48.41,-234.61,-26.07,2,1,0,0
2024-10-22,980378.ZHBK,46.18,-294.94,-28.3,2,1,0,0
2024-10-22,980477.ZHBK,45.14,-157.99,-45.14,2,1,0,0
2024-10-22,980358.ZHBK,42.56,-95.76,-10.64,2,1,0,0
2024-10-22,980360.ZHBK,37.62,-60.18,0.0,2,1,0,0
2024-10-22,980339.ZHBK,32.15,-187.54,-21.43,2,1,0,0
2024-10-22,980336.ZHBK,30.49,-182.93,-8.71,2,1,0,0
2024-10-22,980475.ZHBK,28.65,-229.17,-42.97,2,1,0,0
2024-10-22,980345.ZHBK,28.11,-238.89,-28.1,2,0,0,0
2024-10-22,980335.ZHBK,25.39,-279.3,-16.93,2,1,0,0
2024-10-22,980362.ZHBK,25.25,-183.04,-12.62,2,1,0,0
2024-10-22,980341.ZHBK,22.57,-45.14,0.0,2,1,0,0
2024-10-22,980756.ZHBK,22.34,-342.61,-22.35,2,1,0,0
2024-10-22,980374.ZHBK,17.19,-234.9,-28.64,2,0,0,0
2024-10-22,980346.ZHBK,16.55,-355.85,-24.83,2,1,0,0
2024-10-22,980750.ZHBK,11.12,-72.25,-11.11,2,1,0,0
2024-10-22,980379.ZHBK,0.0,-17.73,0.0,2,1,0,0
2024-10-21,980357.ZHBK,387.02,-320.19,-23.66,2,0,0,0
2024-10-21,980363.ZHBK,362.47,-317.78,29.79,2,1,0,0
2024-10-21,980376.ZHBK,269.93,-389.89,-19.99,2,0,0,0
2024-10-21,980474.ZHBK,256.7,-432.06,12.65,2,1,0,0
2024-10-21,980365.ZHBK,231.87,-463.75,4.68,2,1,0,0
2024-10-21,980366.ZHBK,229.78,-433.59,-11.88,2,0,0,0
2024-10-21,980753.ZHBK,220.49,-426.86,-10.42,2,0,0,0
2024-10-21,980476.ZHBK,175.56,-436.24,-26.6,2,1,0,0
2024-10-21,980352.ZHBK,169.27,-270.84,33.85,2,1,0,0
2024-10-21,980346.ZHBK,165.51,-430.33,-8.28,2,1,0,0
2024-10-21,980372.ZHBK,161.58,-520.1,-50.5,2,1,0,0
2024-10-21,980364.ZHBK,159.3,-496.07,9.78,2,1,0,0
2024-10-21,980756.ZHBK,156.41,-454.33,-7.45,2,1,0,0
2024-10-21,980339.ZHBK,150.03,-434.02,-26.79,2,1,0,0
2024-10-21,980335.ZHBK,143.88,-446.82,-8.47,2,1,0,0
2024-10-21,980371.ZHBK,125.18,-419.34,18.78,2,1,0,0
2024-10-21,980340.ZHBK,124.13,-124.14,-0.0,2,0,0,0
2024-10-21,980362.ZHBK,116.77,-385.02,-15.78,2,1,0,0
2024-10-21,980373.ZHBK,115.44,-465.5,-22.35,2,1,0,0
2024-10-21,980343.ZHBK,115.05,-520.75,-30.28,2,0,0,0
2024-10-21,980378.ZHBK,105.76,-566.05,-25.32,2,1,0,0
2024-10-21,980353.ZHBK,95.76,-457.52,-42.56,2,0,0,0
2024-10-21,980348.ZHBK,95.76,-329.84,-21.28,2,0,0,0
2024-10-21,980473.ZHBK,94.17,-453.73,-34.24,2,1,0,0
2024-10-21,980355.ZHBK,88.93,-355.73,-18.53,2,0,0,0
2024-10-21,980345.ZHBK,80.8,-512.93,-31.62,2,0,0,0
2024-10-21,980338.ZHBK,80.62,-414.63,-11.52,2,1,0,0
2024-10-21,980368.ZHBK,80.09,-416.44,-16.01,2,1,0,0
2024-10-21,980358.ZHBK,69.16,-266.0,-10.64,2,1,0,0
2024-10-21,980374.ZHBK,68.75,-469.8,-28.65,2,0,0,0
2024-10-21,980477.ZHBK,45.14,-631.95,0.0,2,1,0,0
2024-10-21,980360.ZHBK,45.14,-564.24,-15.05,2,1,0,0
2024-10-21,980336.ZHBK,43.56,-418.13,-13.06,2,1,0,0
2024-10-21,980475.ZHBK,42.97,-558.6,-14.32,2,1,0,0
2024-10-21,980750.ZHBK,33.35,-383.52,-5.56,2,1,0,0
2024-10-21,980341.ZHBK,16.93,-502.17,-5.64,2,1,0,0
2024-10-21,980379.ZHBK,0.0,-283.73,0.0,2,1,0,0
2024-10-21,980351.ZHBK,0.0,-609.38,-67.71,2,1,0,0
2024-10-18,980335.ZHBK,77.05,51.37,-8.56,2,1,0,0
2024-10-18,980376.ZHBK,64.98,-179.95,-44.99,2,0,0,0
2024-10-18,980357.ZHBK,62.65,-232.49,-54.29,2,0,0,0
2024-10-18,980366.ZHBK,51.64,-295.93,-33.76,2,0,0,0
2024-10-18,980352.ZHBK,50.78,-50.78,-33.86,2,1,0,0
2024-10-18,980365.ZHBK,45.67,-115.94,-44.5,2,1,0,0
2024-10-18,980753.ZHBK,43.5,-283.66,-45.25,2,0,0,0
2024-10-18,980476.ZHBK,42.56,-37.24,-37.24,2,1,0,0
2024-10-18,980345.ZHBK,35.13,-38.65,-31.62,2,0,0,0
2024-10-18,980372.ZHBK,32.82,-55.55,-45.45,2,1,0,0
2024-10-18,980368.ZHBK,32.03,-40.05,-24.03,2,1,0,0
2024-10-18,980348.ZHBK,31.92,-85.12,-53.2,2,0,0,0
2024-10-18,980338.ZHBK,30.71,-46.07,-11.52,2,1,0,0
2024-10-18,980343.ZHBK,30.28,-66.6,-42.38,2,0,0,0
2024-10-18,980756.ZHBK,29.79,-67.03,-37.24,2,1,0,0
2024-10-18,980374.ZHBK,28.65,-45.83,-40.1,2,0,0,0
2024-10-18,980474.ZHBK,27.12,-77.73,-36.15,2,1,0,0
2024-10-18,980378.ZHBK,26.81,-46.18,-43.2,2,1,0,0
2024-10-18,980358.ZHBK,26.6,-26.6,5.32,2,1,0,0
2024-10-18,980373.ZHBK,26.07,-44.69,-37.24,2,1,0,0
2024-10-18,980363.ZHBK,24.83,-183.71,-19.86,2,1,0,0
2024-10-18,980346.ZHBK,24.83,-74.48,-41.37,2,1,0,0
2024-10-18,980364.ZHBK,22.36,-53.1,-36.33,2,1,0,0
2024-10-18,980473.ZHBK,17.12,-136.98,-51.37,2,1,0,0
2024-10-18,980362.ZHBK,15.78,-28.4,-12.62,2,1,0,0
2024-10-18,980360.ZHBK,15.05,-60.18,7.53,2,1,0,0
2024-10-18,980355.ZHBK,14.82,-151.93,-48.17,2,0,0,0
2024-10-18,980475.ZHBK,14.32,-71.62,-28.65,2,1,0,0
2024-10-18,980341.ZHBK,11.28,-28.22,5.64,2,1,0,0
2024-10-18,980750.ZHBK,11.12,-22.23,5.56,2,1,0,0
2024-10-18,980339.ZHBK,10.72,-64.3,-21.43,2,1,0,0
2024-10-18,980336.ZHBK,8.71,-56.62,-17.42,2,1,0,0
2024-10-18,980371.ZHBK,6.26,-31.29,-37.55,2,1,0,0
2024-10-18,980379.ZHBK,0.0,0.0,0.0,2,1,0,0
2024-10-18,980351.ZHBK,0.0,-67.71,-135.42,2,1,0,0
2024-10-18,980340.ZHBK,0.0,-186.2,0.0,2,0,0,0
2024-10-18,980477.ZHBK,0.0,-135.42,-67.71,2,1,0,0
2024-10-18,980353.ZHBK,0.0,-159.6,-42.56,2,0,0,0
2024-10-17,980366.ZHBK,434.96,198.61,57.59,2,0,0,0
2024-10-17,980753.ZHBK,393.28,139.21,45.24,2,0,0,0
2024-10-17,980357.ZHBK,314.63,196.3,69.61,2,0,0,0
2024-10-17,980376.ZHBK,234.94,34.99,-14.99,2,0,0,0
2024-10-17,980368.ZHBK,176.19,-312.33,-16.02,2,1,0,0
2024-10-17,980474.ZHBK,164.51,57.85,32.54,2,1,0,0
2024-10-17,980343.ZHBK,163.49,-127.16,-24.22,2,0,0,0
2024-10-17,980477.ZHBK,157.99,90.28,0.0,2,1,0,0
2024-10-17,980360.ZHBK,142.94,7.52,7.52,2,1,0,0
2024-10-17,980353.ZHBK,138.32,-95.76,10.64,2,0,0,0
2024-10-17,980365.ZHBK,135.84,-44.5,-3.52,2,1,0,0
2024-10-17,980340.ZHBK,124.13,-186.2,-0.0,2,0,0,0
2024-10-17,980364.ZHBK,121.57,-72.66,9.78,2,1,0,0
2024-10-17,980372.ZHBK,118.66,2.52,5.05,2,1,0,0
2024-10-17,980352.ZHBK,118.49,-118.49,-16.93,2,1,0,0
2024-10-17,980476.ZHBK,117.04,-101.08,26.6,2,1,0,0
2024-10-17,980363.ZHBK,114.2,-14.9,-4.97,2,1,0,0
2024-10-17,980338.ZHBK,111.34,-303.29,-34.55,2,1,0,0
2024-10-17,980756.ZHBK,104.27,-44.69,-22.35,2,1,0,0
2024-10-17,980378.ZHBK,104.27,-35.75,-20.86,2,1,0,0
2024-10-17,980473.ZHBK,102.73,-68.49,-17.12,2,1,0,0
2024-10-17,980373.ZHBK,96.82,-134.07,-40.97,2,1,0,0
2024-10-17,980358.ZHBK,95.76,-484.12,-196.84,2,1,0,0
2024-10-17,980346.ZHBK,91.03,-57.93,-33.1,2,1,0,0
2024-10-17,980339.ZHBK,85.73,-176.83,10.71,2,1,0,0
2024-10-17,980341.ZHBK,84.64,-248.26,5.65,2,1,0,0
2024-10-17,980371.ZHBK,81.36,-50.08,-50.08,2,1,0,0
2024-10-17,980362.ZHBK,78.9,-243.01,-22.09,2,1,0,0
2024-10-17,980355.ZHBK,77.81,-248.27,-22.24,2,0,0,0
2024-10-17,980345.ZHBK,77.29,-84.32,-3.51,2,0,0,0
2024-10-17,980374.ZHBK,74.48,-45.83,11.46,2,0,0,0
2024-10-17,980335.ZHBK,68.49,-136.97,0.0,2,1,0,0
2024-10-17,980351.ZHBK,67.71,-67.71,0.0,2,1,0,0
2024-10-17,980336.ZHBK,65.33,-304.89,-34.85,2,1,0,0
2024-10-17,980750.ZHBK,61.14,-389.07,-38.91,2,1,0,0
2024-10-17,980475.ZHBK,42.97,-85.94,-14.32,2,1,0,0
2024-10-17,980348.ZHBK,31.92,-319.2,-53.2,2,0,0,0
2024-10-17,980379.ZHBK,0.0,-727.07,0.0,2,1,0,0
2024-10-16,980358.ZHBK,154.28,58.52,5.32,2,1,0,0
2024-10-16,980476.ZHBK,74.48,31.92,-37.24,2,1,0,0
2024-10-16,980750.ZHBK,61.14,11.12,5.56,2,1,0,0
2024-10-16,980338.ZHBK,46.07,-80.62,-26.87,2,1,0,0
2024-10-16,980336.ZHBK,43.56,-4.35,4.36,2,1,0,0
2024-10-16,980368.ZHBK,40.04,-88.1,-0.0,2,1,0,0
2024-10-16,980362.ZHBK,37.87,-9.47,-12.62,2,1,0,0
2024-10-16,980756.ZHBK,37.24,-7.45,-22.34,2,1,0,0
2024-10-16,980346.ZHBK,33.1,-16.55,-24.83,2,1,0,0
2024-10-16,980364.ZHBK,26.55,-27.95,-9.78,2,1,0,0
2024-10-16,980335.ZHBK,25.68,8.56,-8.56,2,1,0,0
2024-10-16,980365.ZHBK,24.59,-46.85,-15.23,2,1,0,0
2024-10-16,980477.ZHBK,22.57,-22.57,-22.57,2,1,0,0
2024-10-16,980376.ZHBK,19.99,-49.99,-25.0,2,0,0,0
2024-10-16,980363.ZHBK,19.86,-158.89,-34.76,2,1,0,0
2024-10-16,980352.ZHBK,16.93,-135.42,-50.78,2,1,0,0
2024-10-16,980357.ZHBK,16.71,-72.39,-9.74,2,0,0,0
2024-10-16,980378.ZHBK,16.39,-25.32,-16.38,2,1,0,0
2024-10-16,980753.ZHBK,12.18,-116.59,-6.96,2,0,0,0
2024-10-16,980373.ZHBK,11.17,-78.21,-11.17,2,1,0,0
2024-10-16,980355.ZHBK,11.12,-118.57,-11.11,2,0,0,0
2024-10-16,980474.ZHBK,10.85,-48.81,-10.84,2,1,0,0
2024-10-16,980353.ZHBK,10.64,-95.76,-10.64,2,0,0,0
2024-10-16,980360.ZHBK,7.52,-37.62,-15.05,2,1,0,0
2024-10-16,980371.ZHBK,6.26,-62.59,-12.52,2,1,0,0
2024-10-16,980343.ZHBK,6.06,-72.66,-18.16,2,0,0,0
2024-10-16,980366.ZHBK,5.96,-107.25,-11.92,2,0,0,0
2024-10-16,980341.ZHBK,5.64,-16.93,-0.0,2,1,0,0
2024-10-16,980339.ZHBK,5.36,-37.51,-10.71,2,1,0,0
2024-10-16,980372.ZHBK,5.05,-45.44,-17.67,2,1,0,0
2024-10-16,980345.ZHBK,3.51,-84.32,-21.08,2,0,0,0
2024-10-16,980379.ZHBK,0.0,-17.73,0.0,2,1,0,0
2024-10-16,980351.ZHBK,0.0,0.0,0.0,2,1,0,0
2024-10-16,980374.ZHBK,0.0,-143.23,-11.46,2,0,0,0
2024-10-16,980340.ZHBK,0.0,0.0,0.0,2,0,0,0
2024-10-16,980348.ZHBK,0.0,-85.12,-21.28,2,0,0,0
2024-10-16,980473.ZHBK,0.0,-25.68,-17.12,2,1,0,0
2024-10-16,980475.ZHBK,0.0,-14.32,-28.65,2,1,0,0
2024-10-15,980338.ZHBK,69.11,-587.39,-26.87,2,1,0,0
2024-10-15,980352.ZHBK,67.71,-490.89,-16.93,2,1,0,0
2024-10-15,980340.ZHBK,62.07,-620.66,0.0,2,0,0,0
2024-10-15,980366.ZHBK,51.64,-635.56,-45.68,2,0,0,0
2024-10-15,980368.ZHBK,48.05,-608.66,-40.04,2,1,0,0
2024-10-15,980357.ZHBK,45.94,-632.04,-37.59,2,0,0,0
2024-10-15,980753.ZHBK,45.24,-640.39,-48.73,2,0,0,0
2024-10-15,980376.ZHBK,44.99,-599.84,-29.99,2,0,0,0
2024-10-15,980750.ZHBK,44.47,-483.56,0.0,2,1,0,0
2024-10-15,980358.ZHBK,42.56,-532.0,-5.32,2,1,0,0
2024-10-15,980343.ZHBK,36.33,-575.25,-30.28,2,0,0,0
2024-10-15,980336.ZHBK,34.84,-426.85,-0.0,2,1,0,0
2024-10-15,980473.ZHBK,34.24,-453.73,8.56,2,1,0,0
2024-10-15,980371.ZHBK,31.29,-550.78,-37.56,2,1,0,0
2024-10-15,980373.ZHBK,29.79,-547.43,-26.07,2,1,0,0
2024-10-15,980355.ZHBK,25.94,-578.05,-29.64,2,0,0,0
2024-10-15,980365.ZHBK,25.76,-635.89,-39.82,2,1,0,0
2024-10-15,980372.ZHBK,25.25,-532.72,-25.24,2,1,0,0
2024-10-15,980362.ZHBK,25.25,-539.66,-15.78,2,1,0,0
2024-10-15,980364.ZHBK,23.76,-568.73,-29.34,2,1,0,0
2024-10-15,980360.ZHBK,22.57,-346.07,-7.52,2,1,0,0
2024-10-15,980339.ZHBK,21.43,-525.11,-21.44,2,1,0,0
2024-10-15,980353.ZHBK,21.28,-510.72,-31.92,2,0,0,0
2024-10-15,980378.ZHBK,20.85,-452.84,-28.31,2,1,0,0
2024-10-15,980363.ZHBK,19.86,-695.15,-34.76,2,1,0,0
2024-10-15,980374.ZHBK,17.19,-395.31,-5.73,2,0,0,0
2024-10-15,980474.ZHBK,16.27,-592.95,-25.31,2,1,0,0
2024-10-15,980476.ZHBK,15.96,-675.64,-31.92,2,1,0,0
2024-10-15,980345.ZHBK,14.05,-442.67,-14.06,2,0,0,0
2024-10-15,980341.ZHBK,11.28,-473.97,-5.65,2,1,0,0
2024-10-15,980348.ZHBK,10.64,-606.48,-31.92,2,0,0,0
2024-10-15,980335.ZHBK,8.56,-522.22,-8.56,2,1,0,0
2024-10-15,980346.ZHBK,8.28,-595.84,-33.1,2,1,0,0
2024-10-15,980756.ZHBK,7.45,-610.73,-37.24,2,1,0,0
2024-10-15,980379.ZHBK,0.0,-744.8,0.0,2,1,0,0
2024-10-15,980351.ZHBK,0.0,-270.84,0.0,2,1,0,0
2024-10-15,980477.ZHBK,0.0,-541.67,-90.28,2,1,0,0
2024-10-15,980475.ZHBK,0.0,-444.02,-28.65,2,1,0,0
2024-10-14,980379.ZHBK,638.4,602.93,212.8,2,1,0,0
2024-10-14,980358.ZHBK,532.0,399.0,90.44,2,1,0,0
2024-10-14,980476.ZHBK,478.8,452.2,148.96,2,1,0,0
2024-10-14,980346.ZHBK,438.6,413.77,66.2,2,1,0,0
2024-10-14,980756.ZHBK,431.98,409.64,74.48,2,1,0,0
2024-10-14,980363.ZHBK,422.05,417.08,148.96,2,1,0,0
2024-10-14,980341.ZHBK,400.61,310.33,107.2,2,1,0,0
2024-10-14,980338.ZHBK,376.24,337.85,111.34,2,1,0,0
2024-10-14,980368.ZHBK,344.37,272.29,104.11,2,1,0,0
2024-10-14,980360.ZHBK,315.98,188.09,82.76,2,1,0,0
2024-10-14,980352.ZHBK,304.69,236.98,33.85,2,1,0,0
2024-10-14,980362.ZHBK,280.88,246.16,78.9,2,1,0,0
2024-10-14,980343.ZHBK,242.21,236.15,72.66,2,0,0,0
2024-10-14,980477.ZHBK,225.7,135.42,22.57,2,1,0,0
2024-10-14,980753.ZHBK,215.78,139.21,43.5,2,0,0,0
2024-10-14,980366.ZHBK,214.5,135.05,47.66,2,0,0,0
2024-10-14,980365.ZHBK,196.74,168.63,23.42,2,1,0,0
2024-10-14,980364.ZHBK,184.45,150.91,34.93,2,1,0,0
2024-10-14,980750.ZHBK,177.86,127.84,44.46,2,1,0,0
2024-10-14,980353.ZHBK,170.24,117.04,42.56,2,0,0,0
2024-10-14,980376.ZHBK,169.95,99.97,39.98,2,0,0,0
2024-10-14,980474.ZHBK,166.31,141.0,9.03,2,1,0,0
2024-10-14,980339.ZHBK,155.39,91.09,32.15,2,1,0,0
2024-10-14,980357.ZHBK,154.53,123.9,8.35,2,0,0,0
2024-10-14,980355.ZHBK,148.22,118.58,18.53,2,0,0,0
2024-10-14,980336.ZHBK,148.09,100.18,30.49,2,1,0,0
2024-10-14,980373.ZHBK,145.24,96.58,11.18,2,1,0,0
2024-10-14,980371.ZHBK,137.69,100.14,18.77,2,1,0,0
2024-10-14,980473.ZHBK,128.41,102.73,34.24,2,1,0,0
2024-10-14,980348.ZHBK,127.68,117.04,-31.92,2,0,0,0
2024-10-14,980340.ZHBK,124.13,62.06,62.06,2,0,0,0
2024-10-14,980378.ZHBK,123.64,98.32,13.41,2,1,0,0
2024-10-14,980372.ZHBK,121.19,68.17,22.72,2,1,0,0
2024-10-14,980475.ZHBK,114.58,57.29,42.96,2,1,0,0
2024-10-14,980345.ZHBK,105.4,31.62,21.08,2,0,0,0
2024-10-14,980374.ZHBK,97.4,5.73,-22.91,2,0,0,0
2024-10-14,980335.ZHBK,94.17,8.56,-8.56,2,1,0,0
2024-10-14,980351.ZHBK,0.0,-67.71,0.0,2,1,0,0
2024-10-11,980335.ZHBK,196.9,-299.63,-59.93,2,1,0,0
2024-10-11,980475.ZHBK,100.26,-358.08,-0.0,2,1,0,0
2024-10-11,980477.ZHBK,90.28,0.0,45.14,2,1,0,0
2024-10-11,980750.ZHBK,72.26,-444.65,-50.02,2,1,0,0
2024-10-11,980345.ZHBK,70.26,-259.98,-66.76,2,0,0,0
2024-10-11,980338.ZHBK,69.11,-410.79,-80.62,2,1,0,0
2024-10-11,980374.ZHBK,68.75,-297.92,-51.56,2,0,0,0
2024-10-11,980476.ZHBK,63.84,-388.36,-58.52,2,1,0,0
2024-10-11,980362.ZHBK,63.12,-429.21,-50.49,2,1,0,0
2024-10-11,980340.ZHBK,62.07,-186.2,-62.06,2,0,0,0
2024-10-11,980336.ZHBK,60.98,-426.84,-47.91,2,1,0,0
2024-10-11,980376.ZHBK,54.99,-129.96,-29.99,2,0,0,0
2024-10-11,980353.ZHBK,53.2,-202.16,-21.28,2,0,0,0
2024-10-11,980364.ZHBK,53.1,-208.21,-32.14,2,1,0,0
2024-10-11,980756.ZHBK,52.14,-379.84,-37.24,2,1,0,0
2024-10-11,980352.ZHBK,50.78,-220.06,-50.78,2,1,0,0
2024-10-11,980346.ZHBK,49.65,-372.4,-41.38,2,1,0,0
2024-10-11,980373.ZHBK,48.66,-288.18,-59.88,2,1,0,0
2024-10-11,980365.ZHBK,45.67,-233.04,-53.87,2,1,0,0
2024-10-11,980372.ZHBK,45.45,-222.17,-60.59,2,1,0,0
2024-10-11,980363.ZHBK,44.69,-248.26,-34.76,2,1,0,0
2024-10-11,980473.ZHBK,42.8,-342.44,-8.57,2,1,0,0
2024-10-11,980343.ZHBK,42.39,-351.2,-48.44,2,0,0,0
2024-10-11,980368.ZHBK,40.04,-288.31,-24.03,2,1,0,0
2024-10-11,980378.ZHBK,38.73,-184.71,-59.58,2,1,0,0
2024-10-11,980357.ZHBK,34.8,-104.41,-41.77,2,0,0,0
2024-10-11,980474.ZHBK,32.54,-184.39,-48.81,2,1,0,0
2024-10-11,980339.ZHBK,32.15,-509.04,-64.3,2,1,0,0
2024-10-11,980371.ZHBK,31.29,-444.38,-62.59,2,1,0,0
2024-10-11,980366.ZHBK,29.79,-93.35,-25.82,2,0,0,0
2024-10-11,980753.ZHBK,29.58,-109.63,-24.37,2,0,0,0
2024-10-11,980360.ZHBK,22.57,-67.71,-7.52,2,1,0,0
2024-10-11,980341.ZHBK,16.93,-270.83,-5.64,2,1,0,0
2024-10-11,980355.ZHBK,14.82,-203.8,-22.23,2,0,0,0
2024-10-11,980358.ZHBK,10.64,-127.68,-15.96,2,1,0,0
2024-10-11,980348.ZHBK,10.64,-297.92,0.0,2,0,0,0
2024-10-11,980379.ZHBK,0.0,-709.33,-17.73,2,1,0,0
2024-10-11,980351.ZHBK,0.0,-473.96,0.0,2,1,0,0
2024-10-10,980753.ZHBK,424.61,334.12,113.12,2,0,0,0
2024-10-10,980366.ZHBK,417.09,315.8,111.23,2,0,0,0
2024-10-10,980376.ZHBK,384.9,344.91,144.96,2,0,0,0
2024-10-10,980343.ZHBK,363.32,320.93,90.83,2,0,0,0
2024-10-10,980365.ZHBK,356.01,325.56,125.31,2,1,0,0
2024-10-10,980357.ZHBK,339.68,249.19,103.01,2,0,0,0
2024-10-10,980371.ZHBK,331.72,306.68,100.14,2,1,0,0
2024-10-10,980379.ZHBK,301.47,301.47,177.34,2,1,0,0
2024-10-10,980348.ZHBK,297.92,297.92,138.32,2,0,0,0
2024-10-10,980363.ZHBK,292.95,263.16,114.2,2,1,0,0
2024-10-10,980364.ZHBK,283.67,264.11,106.2,2,1,0,0
2024-10-10,980476.ZHBK,281.96,250.04,101.08,2,1,0,0
2024-10-10,980355.ZHBK,281.62,263.09,103.76,2,0,0,0
2024-10-10,980378.ZHBK,278.56,268.13,102.79,2,1,0,0
2024-10-10,980474.ZHBK,278.4,262.13,115.7,2,1,0,0
2024-10-10,980353.ZHBK,276.64,266.0,85.12,2,0,0,0
2024-10-10,980756.ZHBK,260.68,223.44,126.62,2,1,0,0
2024-10-10,980346.ZHBK,256.54,215.16,132.41,2,1,0,0
2024-10-10,980477.ZHBK,248.27,248.27,90.28,2,1,0,0
2024-10-10,980341.ZHBK,236.98,197.48,124.13,2,1,0,0
2024-10-10,980362.ZHBK,233.54,217.76,97.83,2,1,0,0
2024-10-10,980372.ZHBK,232.28,196.93,83.32,2,1,0,0
2024-10-10,980473.ZHBK,222.58,196.9,42.8,2,1,0,0
2024-10-10,980338.ZHBK,214.99,180.44,76.78,2,1,0,0
2024-10-10,980339.ZHBK,214.33,203.61,69.66,2,1,0,0
2024-10-10,980360.ZHBK,210.65,150.46,90.28,2,1,0,0
2024-10-10,980373.ZHBK,198.36,183.39,56.14,2,1,0,0
2024-10-10,980345.ZHBK,193.23,179.18,66.75,2,0,0,0
2024-10-10,980352.ZHBK,186.2,152.35,33.85,2,1,0,0
2024-10-10,980475.ZHBK,186.2,186.2,114.58,2,1,0,0
2024-10-10,980750.ZHBK,172.3,166.74,33.34,2,1,0,0
2024-10-10,980374.ZHBK,171.88,166.15,74.48,2,0,0,0
2024-10-10,980336.ZHBK,165.51,161.15,34.84,2,1,0,0
2024-10-10,980368.ZHBK,136.15,120.13,40.05,2,1,0,0
2024-10-10,980335.ZHBK,128.41,128.41,77.04,2,1,0,0
2024-10-10,980358.ZHBK,101.08,90.44,15.96,2,1,0,0
2024-10-10,980351.ZHBK,67.71,67.71,67.71,2,1,0,0
2024-10-10,980340.ZHBK,62.07,0.0,0.0,2,0,0,0
2024-10-09,980366.ZHBK,57.6,-653.44,-47.67,2,0,0,0
2024-10-09,980360.ZHBK,52.66,-586.81,-45.14,2,1,0,0
2024-10-09,980341.ZHBK,50.78,-592.46,-33.86,2,1,0,0
2024-10-09,980357.ZHBK,48.73,-676.58,-41.76,2,0,0,0
2024-10-09,980753.ZHBK,40.02,-664.76,-45.25,2,0,0,0
2024-10-09,980473.ZHBK,25.68,-419.49,-8.56,2,1,0,0
2024-10-09,980353.ZHBK,21.28,-574.56,-10.64,2,0,0,0
2024-10-09,980343.ZHBK,18.17,-702.41,-12.11,2,0,0,0
2024-10-09,980352.ZHBK,16.93,-524.74,-33.85,2,1,0,0
2024-10-09,980364.ZHBK,16.77,-669.34,-9.78,2,1,0,0
2024-10-09,980358.ZHBK,15.96,-345.8,-21.28,2,1,0,0
2024-10-09,980376.ZHBK,15.0,-649.82,-24.99,2,0,0,0
2024-10-09,980345.ZHBK,14.05,-611.3,-10.54,2,0,0,0
2024-10-09,980336.ZHBK,13.07,-492.17,0.0,2,1,0,0
2024-10-09,980372.ZHBK,12.62,-674.11,-7.58,2,1,0,0
2024-10-09,980371.ZHBK,12.52,-600.84,-12.52,2,1,0,0
2024-10-09,980338.ZHBK,11.52,-637.3,-19.19,2,1,0,0
2024-10-09,980750.ZHBK,11.12,-589.17,0.0,2,1,0,0
2024-10-09,980355.ZHBK,11.12,-592.87,-7.41,2,0,0,0
2024-10-09,980339.ZHBK,10.72,-530.47,0.0,2,1,0,0
2024-10-09,980378.ZHBK,10.43,-700.11,-14.89,2,1,0,0
2024-10-09,980363.ZHBK,9.93,-719.97,-34.76,2,1,0,0
2024-10-09,980362.ZHBK,9.47,-618.56,-12.62,2,1,0,0
2024-10-09,980346.ZHBK,8.28,-537.91,-33.1,2,1,0,0
2024-10-09,980368.ZHBK,8.01,-616.66,-16.02,2,1,0,0
2024-10-09,980373.ZHBK,7.49,-598.83,-3.74,2,1,0,0
2024-10-09,980756.ZHBK,7.45,-558.6,-29.79,2,1,0,0
2024-10-09,980365.ZHBK,5.86,-709.66,-16.39,2,1,0,0
2024-10-09,980374.ZHBK,5.73,-607.3,-5.73,2,0,0,0
2024-10-09,980476.ZHBK,5.32,-686.28,-21.28,2,1,0,0
2024-10-09,980474.ZHBK,3.62,-699.6,-9.03,2,1,0,0
2024-10-09,980379.ZHBK,0.0,-638.4,0.0,2,1,0,0
2024-10-09,980351.ZHBK,0.0,-67.71,0.0,2,1,0,0
2024-10-09,980340.ZHBK,0.0,-558.6,-62.07,2,0,0,0
2024-10-09,980477.ZHBK,0.0,-699.66,0.0,2,1,0,0
2024-10-09,980335.ZHBK,0.0,-402.36,0.0,2,1,0,0
2024-10-09,980348.ZHBK,0.0,-563.92,0.0,2,0,0,0
2024-10-09,980475.ZHBK,0.0,-673.18,-14.32,2,1,0,0
2024-10-08,980379.ZHBK,744.8,0.0,-0.0,2,1,0,0
2024-10-08,980477.ZHBK,744.8,0.0,-0.0,2,1,0,0
2024-10-08,980365.ZHBK,737.77,1.17,-0.0,2,1,0,0
2024-10-08,980750.ZHBK,733.68,0.0,-0.0,2,1,0,0
2024-10-08,980357.ZHBK,733.66,0.0,-0.0,2,0,0,0
2024-10-08,980364.ZHBK,733.62,0.02,-0.0,2,1,0,0
2024-10-08,980343.ZHBK,732.69,-0.0,0.0,2,0,0,0
2024-10-08,980475.ZHBK,730.48,0.0,0.0,2,1,0,0
2024-10-08,980363.ZHBK,729.9,-0.0,-0.0,2,1,0,0
2024-10-08,980368.ZHBK,728.78,8.01,-0.0,2,1,0,0
2024-10-08,980339.ZHBK,728.73,0.0,0.0,2,1,0,0
2024-10-08,980372.ZHBK,727.13,2.53,2.53,2,1,0,0
2024-10-08,980378.ZHBK,725.44,-0.0,0.0,2,1,0,0
2024-10-08,980476.ZHBK,723.52,-0.0,0.0,2,1,0,0
2024-10-08,980474.ZHBK,723.11,-1.8,0.0,2,1,0,0
2024-10-08,980753.ZHBK,720.44,-3.48,0.0,2,0,0,0
2024-10-08,980371.ZHBK,719.76,-0.0,-0.0,2,1,0,0
2024-10-08,980336.ZHBK,718.67,0.0,0.0,2,1,0,0
2024-10-08,980366.ZHBK,715.01,-1.98,0.0,2,0,0,0
2024-10-08,980373.ZHBK,711.12,0.0,0.0,2,1,0,0
2024-10-08,980338.ZHBK,710.25,3.84,0.0,2,1,0,0
2024-10-08,980362.ZHBK,710.08,-0.0,-0.0,2,1,0,0
2024-10-08,980756.ZHBK,707.56,0.0,0.0,2,1,0,0
2024-10-08,980346.ZHBK,703.42,0.0,-0.0,2,1,0,0
2024-10-08,980335.ZHBK,702.0,-8.56,0.0,2,1,0,0
2024-10-08,980345.ZHBK,699.13,-0.0,0.0,2,0,0,0
2024-10-08,980376.ZHBK,694.81,-5.0,-0.0,2,0,0,0
2024-10-08,980353.ZHBK,691.6,0.0,0.0,2,0,0,0
2024-10-08,980348.ZHBK,691.6,10.64,0.0,2,0,0,0
2024-10-08,980374.ZHBK,687.51,-0.0,0.0,2,0,0,0
2024-10-08,980473.ZHBK,684.87,0.0,-0.0,2,1,0,0
2024-10-08,980340.ZHBK,682.73,0.0,-0.0,2,0,0,0
2024-10-08,980341.ZHBK,682.73,0.0,-0.0,2,1,0,0
2024-10-08,980351.ZHBK,677.09,-0.0,-0.0,2,1,0,0
2024-10-08,980352.ZHBK,677.09,-0.0,16.93,2,1,0,0
2024-10-08,980355.ZHBK,670.69,3.7,-0.0,2,0,0,0
2024-10-08,980358.ZHBK,649.04,-5.32,-0.0,2,1,0,0
2024-10-08,980360.ZHBK,647.0,0.0,0.0,2,1,0,0
2024-09-30,980363.ZHBK,729.9,-0.0,4.96,2,1,0,0
2024-09-30,980365.ZHBK,722.55,-5.86,42.16,2,1,0,0
2024-09-30,980357.ZHBK,722.53,-5.5,16.71,2,0,0,0
2024-09-30,980364.ZHBK,719.6,-1.36,42.0,2,1,0,0
2024-09-30,980343.ZHBK,714.52,-12.11,18.16,2,0,0,0
2024-09-30,980378.ZHBK,710.54,-5.96,23.83,2,1,0,0
2024-09-30,980476.ZHBK,707.56,-10.64,63.84,2,1,0,0
2024-09-30,980366.ZHBK,705.08,0.22,17.88,2,0,0,0
2024-09-30,980474.ZHBK,705.03,-5.34,23.5,2,1,0,0
2024-09-30,980368.ZHBK,704.76,-0.0,0.0,2,1,0,0
2024-09-30,980372.ZHBK,704.4,-5.05,47.97,2,1,0,0
2024-09-30,980753.ZHBK,703.04,0.2,20.89,2,0,0,0
2024-09-30,980373.ZHBK,699.89,3.75,33.69,2,1,0,0
2024-09-30,980477.ZHBK,699.66,-22.57,22.57,2,1,0,0
2024-09-30,980371.ZHBK,688.47,6.26,50.07,2,1,0,0
2024-09-30,980475.ZHBK,687.51,42.97,100.26,2,1,0,0
2024-09-30,980339.ZHBK,680.5,37.51,58.94,2,1,0,0
2024-09-30,980756.ZHBK,677.77,-22.34,22.35,2,1,0,0
2024-09-30,980351.ZHBK,677.09,67.71,-0.0,2,1,0,0
2024-09-30,980338.ZHBK,675.69,7.67,42.23,2,1,0,0
2024-09-30,980750.ZHBK,672.54,5.55,27.79,2,1,0,0
2024-09-30,980362.ZHBK,672.21,3.15,41.02,2,1,0,0
2024-09-30,980346.ZHBK,670.32,-24.83,16.55,2,1,0,0
2024-09-30,980336.ZHBK,666.4,8.71,21.78,2,1,0,0
2024-09-30,980345.ZHBK,660.48,7.02,35.13,2,0,0,0
2024-09-30,980353.ZHBK,659.68,10.64,42.56,2,0,0,0
2024-09-30,980348.ZHBK,659.68,-10.64,31.92,2,0,0,0
2024-09-30,980335.ZHBK,650.63,59.93,17.12,2,1,0,0
2024-09-30,980374.ZHBK,647.4,11.46,40.1,2,0,0,0
2024-09-30,980376.ZHBK,644.83,-0.0,15.0,2,0,0,0
2024-09-30,980355.ZHBK,637.34,-18.08,37.05,2,0,0,0
2024-09-30,980360.ZHBK,624.43,-7.52,7.52,2,1,0,0
2024-09-30,980473.ZHBK,616.39,-25.68,25.69,2,1,0,0
2024-09-30,980341.ZHBK,609.38,146.7,33.85,2,1,0,0
2024-09-30,980358.ZHBK,606.48,0.0,5.32,2,1,0,0
2024-09-30,980352.ZHBK,592.45,33.85,50.78,2,1,0,0
2024-09-30,980379.ZHBK,532.0,443.33,88.67,2,1,0,0
2024-09-30,980340.ZHBK,372.4,-186.2,124.13,2,0,0,0
2024-09-27,980368.ZHBK,600.65,-112.12,200.22,2,1,0,0
2024-09-27,980358.ZHBK,569.24,-63.84,79.8,2,1,0,0
2024-09-27,980360.ZHBK,564.24,-67.71,22.57,2,1,0,0
2024-09-27,980477.ZHBK,541.67,-180.56,157.99,2,1,0,0
2024-09-27,980341.ZHBK,541.67,-135.42,62.06,2,1,0,0
2024-09-27,980378.ZHBK,531.79,-148.96,220.46,2,1,0,0
2024-09-27,980371.ZHBK,525.74,-175.25,262.87,2,1,0,0
2024-09-27,980343.ZHBK,520.75,-175.61,151.38,2,0,0,0
2024-09-27,980364.ZHBK,504.95,-186.55,179.54,2,1,0,0
2024-09-27,980338.ZHBK,499.09,-172.77,161.24,2,1,0,0
2024-09-27,980345.ZHBK,498.88,-144.04,175.66,2,0,0,0
2024-09-27,980357.ZHBK,498.86,-167.69,127.16,2,0,0,0
2024-09-27,980348.ZHBK,489.44,-138.32,212.8,2,0,0,0
2024-09-27,980474.ZHBK,483.85,-155.84,150.41,2,1,0,0
2024-09-27,980379.ZHBK,478.8,-266.0,195.07,2,1,0,0
2024-09-27,980374.ZHBK,475.53,-137.5,143.23,2,0,0,0
2024-09-27,980373.ZHBK,475.32,-209.6,168.42,2,1,0,0
2024-09-27,980351.ZHBK,473.96,-203.13,135.41,2,1,0,0
2024-09-27,980365.ZHBK,463.74,-217.82,148.72,2,1,0,0
2024-09-27,980355.ZHBK,461.78,-160.13,134.07,2,0,0,0
2024-09-27,980353.ZHBK,446.88,-223.44,85.12,2,0,0,0
2024-09-27,980366.ZHBK,429.31,-143.77,105.83,2,0,0,0
2024-09-27,980753.ZHBK,428.35,-150.36,120.64,2,0,0,0
2024-09-27,980372.ZHBK,426.68,-237.33,133.81,2,1,0,0
2024-09-27,980339.ZHBK,423.3,-230.41,155.39,2,1,0,0
2024-09-27,980346.ZHBK,413.78,-239.99,107.58,2,1,0,0
2024-09-27,980756.ZHBK,409.64,-253.23,111.72,2,1,0,0
2024-09-27,980473.ZHBK,402.36,-239.71,102.73,2,1,0,0
2024-09-27,980476.ZHBK,399.0,-271.32,138.32,2,1,0,0
2024-09-27,980362.ZHBK,397.65,-201.98,164.11,2,1,0,0
2024-09-27,980336.ZHBK,396.36,-200.35,156.8,2,1,0,0
2024-09-27,980352.ZHBK,389.33,-203.12,118.49,2,1,0,0
2024-09-27,980363.ZHBK,387.3,-263.16,114.21,2,1,0,0
2024-09-27,980750.ZHBK,377.96,-205.65,177.86,2,1,0,0
2024-09-27,980335.ZHBK,376.68,-256.83,145.54,2,1,0,0
2024-09-27,980376.ZHBK,344.91,-214.94,94.98,2,0,0,0
2024-09-27,980475.ZHBK,329.43,-286.46,157.55,2,1,0,0
2024-09-27,980340.ZHBK,248.27,-310.33,0.0,2,0,0,0
2024-09-26,980340.ZHBK,496.53,186.2,-0.0,2,0,0,0
2024-09-26,980473.ZHBK,188.34,-231.15,8.56,2,1,0,0
2024-09-26,980374.ZHBK,68.75,-383.86,-0.0,2,0,0,0
2024-09-26,980351.ZHBK,67.71,-406.25,0.0,2,1,0,0
2024-09-26,980353.ZHBK,63.84,-393.68,-31.92,2,0,0,0
2024-09-26,980355.ZHBK,59.58,-465.5,-44.69,2,0,0,0
2024-09-26,980345.ZHBK,56.21,-361.86,-3.51,2,0,0,0
2024-09-26,980368.ZHBK,56.06,-368.4,-8.01,2,1,0,0
2024-09-26,980348.ZHBK,53.2,-510.72,-31.92,2,0,0,0
2024-09-26,980360.ZHBK,45.14,-489.01,-22.57,2,1,0,0
2024-09-26,980358.ZHBK,42.56,-393.68,-21.28,2,1,0,0
2024-09-26,980343.ZHBK,42.39,-320.93,-30.27,2,0,0,0
2024-09-26,980365.ZHBK,40.99,-271.69,-24.59,2,1,0,0
2024-09-26,980357.ZHBK,34.93,-224.98,-22.36,2,0,0,0
2024-09-26,980474.ZHBK,34.43,-313.51,-32.62,2,1,0,0
2024-09-26,980335.ZHBK,34.24,-248.27,8.56,2,1,0,0
2024-09-26,980753.ZHBK,33.22,-379.39,-26.22,2,0,0,0
2024-09-26,980366.ZHBK,31.95,-331.46,-13.98,2,0,0,0
2024-09-26,980338.ZHBK,30.71,-441.51,-34.56,2,1,0,0
2024-09-26,980373.ZHBK,29.94,-355.56,-26.2,2,1,0,0
2024-09-26,980363.ZHBK,29.79,-412.12,-29.79,2,1,0,0
2024-09-26,980341.ZHBK,28.21,-541.67,-22.57,2,1,0,0
2024-09-26,980378.ZHBK,25.32,-445.39,-22.35,2,1,0,0
2024-09-26,980364.ZHBK,25.25,-286.14,-23.84,2,1,0,0
2024-09-26,980756.ZHBK,22.34,-469.23,-37.24,2,1,0,0
2024-09-26,980336.ZHBK,21.78,-352.8,-17.42,2,1,0,0
2024-09-26,980339.ZHBK,21.43,-359.01,-21.44,2,1,0,0
2024-09-26,980372.ZHBK,20.2,-252.47,-15.15,2,1,0,0
2024-09-26,980376.ZHBK,19.99,-259.93,-20.0,2,0,0,0
2024-09-26,980352.ZHBK,16.93,-423.18,-16.92,2,1,0,0
2024-09-26,980346.ZHBK,16.55,-496.53,-33.1,2,1,0,0
2024-09-26,980476.ZHBK,15.96,-420.28,-26.6,2,1,0,0
2024-09-26,980362.ZHBK,6.31,-366.09,-25.25,2,1,0,0
2024-09-26,980371.ZHBK,6.26,-275.39,-50.07,2,1,0,0
2024-09-26,980750.ZHBK,5.56,-316.82,-16.67,2,1,0,0
2024-09-26,980379.ZHBK,0.0,-602.93,-17.73,2,1,0,0
2024-09-26,980477.ZHBK,0.0,-338.55,0.0,2,1,0,0
2024-09-26,980475.ZHBK,0.0,-386.72,-14.32,2,1,0,0
2024-09-25,980360.ZHBK,594.34,-60.18,90.28,2,1,0,0
2024-09-25,980341.ZHBK,541.67,-141.06,118.49,2,1,0,0
2024-09-25,980335.ZHBK,453.73,-222.58,128.42,2,1,0,0
2024-09-25,980475.ZHBK,358.08,-315.1,85.94,2,1,0,0
2024-09-25,980379.ZHBK,354.67,-372.4,177.34,2,1,0,0
2024-09-25,980351.ZHBK,338.55,-338.54,67.71,2,1,0,0
2024-09-25,980352.ZHBK,338.55,-236.98,67.71,2,1,0,0
2024-09-25,980477.ZHBK,338.55,-361.11,112.85,2,1,0,0
2024-09-25,980364.ZHBK,307.18,-408.16,91.17,2,1,0,0
2024-09-25,980368.ZHBK,288.31,-424.46,96.1,2,1,0,0
2024-09-25,980378.ZHBK,278.56,-403.68,73.0,2,1,0,0
2024-09-25,980373.ZHBK,276.96,-381.76,104.8,2,1,0,0
2024-09-25,980338.ZHBK,276.42,-380.08,80.62,2,1,0,0
2024-09-25,980476.ZHBK,271.32,-425.6,53.2,2,1,0,0
2024-09-25,980345.ZHBK,259.98,-386.45,42.16,2,0,0,0
2024-09-25,980365.ZHBK,259.98,-437.98,63.24,2,1,0,0
2024-09-25,980474.ZHBK,257.33,-416.8,54.37,2,1,0,0
2024-09-25,980374.ZHBK,252.09,-378.13,63.03,2,0,0,0
2024-09-25,980348.ZHBK,244.72,-425.6,63.84,2,0,0,0
2024-09-25,980357.ZHBK,237.55,-447.16,51.7,2,0,0,0
2024-09-25,980353.ZHBK,234.08,-404.32,74.48,2,0,0,0
2024-09-25,980371.ZHBK,231.58,-456.89,56.33,2,1,0,0
2024-09-25,980362.ZHBK,224.07,-467.08,63.12,2,1,0,0
2024-09-25,980756.ZHBK,223.44,-446.88,37.24,2,1,0,0
2024-09-25,980355.ZHBK,223.44,-405.92,67.03,2,0,0,0
2024-09-25,980750.ZHBK,222.33,-494.68,88.93,2,1,0,0
2024-09-25,980343.ZHBK,217.99,-484.42,36.33,2,0,0,0
2024-09-25,980753.ZHBK,216.8,-402.12,64.69,2,0,0,0
2024-09-25,980346.ZHBK,215.16,-446.88,33.1,2,1,0,0
2024-09-25,980366.ZHBK,213.66,-385.37,55.91,2,0,0,0
2024-09-25,980372.ZHBK,207.03,-424.16,58.07,2,1,0,0
2024-09-25,980336.ZHBK,204.71,-500.89,91.47,2,1,0,0
2024-09-25,980339.ZHBK,203.61,-460.82,85.73,2,1,0,0
2024-09-25,980340.ZHBK,186.2,-434.47,-0.0,2,0,0,0
2024-09-25,980376.ZHBK,164.96,-404.89,5.0,2,0,0,0
2024-09-25,980358.ZHBK,164.92,-399.0,31.92,2,1,0,0
2024-09-25,980473.ZHBK,162.66,-487.97,42.81,2,1,0,0
2024-09-25,980363.ZHBK,143.99,-541.23,-29.8,2,1,0,0
2024-09-24,980358.ZHBK,388.36,287.28,202.16,2,1,0,0
2024-09-24,980360.ZHBK,285.88,203.12,203.12,2,1,0,0
2024-09-24,980341.ZHBK,220.05,-0.0,141.06,2,1,0,0
2024-09-24,980335.ZHBK,136.97,-179.78,42.8,2,1,0,0
2024-09-24,980368.ZHBK,136.15,16.02,40.05,2,1,0,0
2024-09-24,980374.ZHBK,120.31,0.0,28.64,2,0,0,0
2024-09-24,980477.ZHBK,112.85,0.0,-22.57,2,1,0,0
2024-09-24,980474.ZHBK,105.11,-1.81,21.75,2,1,0,0
2024-09-24,980378.ZHBK,95.33,14.89,10.42,2,1,0,0
2024-09-24,980364.ZHBK,92.57,-4.21,11.22,2,1,0,0
2024-09-24,980345.ZHBK,87.83,-42.16,17.57,2,0,0,0
2024-09-24,980357.ZHBK,85.24,-75.46,2.79,2,0,0,0
2024-09-24,980352.ZHBK,84.64,-67.71,-33.85,2,1,0,0
2024-09-24,980365.ZHBK,81.97,-42.16,-3.52,2,1,0,0
2024-09-24,980372.ZHBK,80.79,-121.19,-0.0,2,1,0,0
2024-09-24,980338.ZHBK,80.62,-26.88,-3.84,2,1,0,0
2024-09-24,980363.ZHBK,79.45,-163.85,19.87,2,1,0,0
2024-09-24,980371.ZHBK,75.11,-0.0,6.26,2,1,0,0
2024-09-24,980376.ZHBK,74.98,-249.93,-19.99,2,0,0,0
2024-09-24,980353.ZHBK,74.48,-138.32,42.56,2,0,0,0
2024-09-24,980475.ZHBK,71.62,-128.9,42.97,2,1,0,0
2024-09-24,980373.ZHBK,67.37,-119.77,3.74,2,1,0,0
2024-09-24,980343.ZHBK,66.61,-42.39,-48.44,2,0,0,0
2024-09-24,980346.ZHBK,66.2,-8.28,-0.0,2,1,0,0
2024-09-24,980476.ZHBK,63.84,-42.56,-10.64,2,1,0,0
2024-09-24,980362.ZHBK,63.12,-113.61,25.25,2,1,0,0
2024-09-24,980340.ZHBK,62.07,-248.26,0.0,2,0,0,0
2024-09-24,980753.ZHBK,61.19,-183.58,-5.25,2,0,0,0
2024-09-24,980756.ZHBK,59.58,-22.35,-0.0,2,1,0,0
2024-09-24,980336.ZHBK,56.62,-148.09,21.78,2,1,0,0
2024-09-24,980366.ZHBK,55.91,-229.63,-23.96,2,0,0,0
2024-09-24,980750.ZHBK,50.02,-188.98,27.79,2,1,0,0
2024-09-24,980355.ZHBK,44.69,-126.61,-3.72,2,0,0,0
2024-09-24,980339.ZHBK,42.87,-144.67,-16.07,2,1,0,0
2024-09-24,980473.ZHBK,34.24,-77.05,-25.69,2,1,0,0
2024-09-24,980348.ZHBK,31.92,-85.12,-42.56,2,0,0,0
2024-09-24,980379.ZHBK,17.73,-549.74,-0.0,2,1,0,0
2024-09-24,980351.ZHBK,0.0,-135.42,0.0,2,1,0,0
2024-09-23,980343.ZHBK,163.49,102.94,-36.33,2,0,0,0
2024-09-23,980378.ZHBK,119.17,64.05,1.49,2,1,0,0
2024-09-23,980366.ZHBK,91.85,-280.55,-41.93,2,0,0,0
2024-09-23,980376.ZHBK,84.98,-219.94,-14.99,2,0,0,0
2024-09-23,980753.ZHBK,82.17,-243.02,-52.45,2,0,0,0
2024-09-23,980340.ZHBK,62.07,-124.13,-62.06,2,0,0,0
2024-09-23,980335.ZHBK,42.8,-154.1,8.56,2,1,0,0
2024-09-23,980357.ZHBK,40.52,-100.88,-41.93,2,0,0,0
2024-09-23,980364.ZHBK,36.47,1.4,-19.64,2,1,0,0
2024-09-23,980352.ZHBK,33.85,-67.71,16.92,2,1,0,0
2024-09-23,980474.ZHBK,32.62,-23.56,-14.5,2,1,0,0
2024-09-23,980345.ZHBK,31.62,-84.32,-21.08,2,0,0,0
2024-09-23,980362.ZHBK,31.56,-15.78,-12.62,2,1,0,0
2024-09-23,980475.ZHBK,28.65,14.33,-14.32,2,1,0,0
2024-09-23,980365.ZHBK,26.93,-49.19,-31.62,2,1,0,0
2024-09-23,980338.ZHBK,26.87,-99.82,-38.4,2,1,0,0
2024-09-23,980476.ZHBK,26.6,-21.28,-15.96,2,1,0,0
2024-09-23,980355.ZHBK,26.07,-85.65,-44.69,2,0,0,0
2024-09-23,980371.ZHBK,25.04,-18.77,-25.03,2,1,0,0
2024-09-23,980363.ZHBK,24.83,-79.44,-29.79,2,1,0,0
2024-09-23,980346.ZHBK,24.83,-33.1,-8.27,2,1,0,0
2024-09-23,980368.ZHBK,24.03,-8.0,-16.01,2,1,0,0
2024-09-23,980374.ZHBK,22.92,-80.21,-22.91,2,0,0,0
2024-09-23,980477.ZHBK,22.57,-22.57,0.0,2,1,0,0
2024-09-23,980756.ZHBK,22.34,-29.8,-14.9,2,1,0,0
2024-09-23,980750.ZHBK,22.23,-16.68,-11.12,2,1,0,0
2024-09-23,980358.ZHBK,21.28,-319.2,-10.64,2,1,0,0
2024-09-23,980348.ZHBK,21.28,-63.84,-31.92,2,0,0,0
2024-09-23,980473.ZHBK,17.12,-119.85,-51.37,2,1,0,0
2024-09-23,980339.ZHBK,16.07,-96.45,5.35,2,1,0,0
2024-09-23,980373.ZHBK,14.97,-45.22,-29.94,2,1,0,0
2024-09-23,980336.ZHBK,13.07,-39.2,-26.13,2,1,0,0
2024-09-23,980372.ZHBK,7.57,-63.12,-27.78,2,1,0,0
2024-09-23,980360.ZHBK,7.52,-60.19,-0.0,2,1,0,0
2024-09-23,980341.ZHBK,5.64,-90.28,-0.0,2,1,0,0
2024-09-23,980379.ZHBK,0.0,-159.6,0.0,2,1,0,0
2024-09-23,980351.ZHBK,0.0,-135.42,-67.71,2,1,0,0
2024-09-23,980353.ZHBK,0.0,-127.68,-42.56,2,0,0,0
2024-09-20,980376.ZHBK,84.98,-439.88,-29.99,2,0,0,0
2024-09-20,980366.ZHBK,74.08,-568.61,-70.07,2,0,0,0
2024-09-20,980351.ZHBK,67.71,-609.38,0.0,2,1,0,0
2024-09-20,980753.ZHBK,64.69,-564.72,-68.19,2,0,0,0
2024-09-20,980340.ZHBK,62.07,-496.53,0.0,2,0,0,0
2024-09-20,980338.ZHBK,61.43,-560.52,-30.71,2,1,0,0
2024-09-20,980473.ZHBK,59.93,-522.21,-8.56,2,1,0,0
2024-09-20,980357.ZHBK,57.4,-418.6,-72.8,2,0,0,0
2024-09-20,980476.ZHBK,53.2,-563.92,-26.6,2,1,0,0
2024-09-20,980365.ZHBK,48.01,-512.93,-37.48,2,1,0,0
2024-09-20,980756.ZHBK,44.69,-558.6,-67.03,2,1,0,0
2024-09-20,980353.ZHBK,42.56,-521.36,-42.56,2,0,0,0
2024-09-20,980346.ZHBK,41.38,-546.18,-74.48,2,1,0,0
2024-09-20,980364.ZHBK,40.68,-556.84,-32.26,2,1,0,0
2024-09-20,980368.ZHBK,40.04,-592.64,24.02,2,1,0,0
2024-09-20,980474.ZHBK,39.87,-487.47,-61.61,2,1,0,0
2024-09-20,980363.ZHBK,39.72,-436.95,-9.93,2,1,0,0
2024-09-20,980343.ZHBK,36.33,-611.59,-36.33,2,0,0,0
2024-09-20,980374.ZHBK,34.38,-555.73,5.73,2,0,0,0
2024-09-20,980373.ZHBK,33.85,-609.39,-37.62,2,1,0,0
2024-09-20,980355.ZHBK,33.52,-539.98,-26.06,2,0,0,0
2024-09-20,980371.ZHBK,31.29,-650.92,-68.85,2,1,0,0
2024-09-20,980336.ZHBK,30.49,-522.67,-8.71,2,1,0,0
2024-09-20,980360.ZHBK,30.09,-368.64,7.52,2,1,0,0
2024-09-20,980475.ZHBK,28.65,-587.24,-42.97,2,1,0,0
2024-09-20,980372.ZHBK,27.77,-527.67,-55.55,2,1,0,0
2024-09-20,980362.ZHBK,25.25,-545.97,-18.93,2,1,0,0
2024-09-20,980378.ZHBK,23.83,-515.41,-31.29,2,1,0,0
2024-09-20,980477.ZHBK,22.57,-586.81,-22.57,2,1,0,0
2024-09-20,980750.ZHBK,22.23,-528.03,-11.12,2,1,0,0
2024-09-20,980358.ZHBK,21.28,-532.0,-15.96,2,1,0,0
2024-09-20,980348.ZHBK,21.28,-521.36,-21.28,2,0,0,0
2024-09-20,980345.ZHBK,21.08,-597.24,-21.08,2,0,0,0
2024-09-20,980352.ZHBK,16.93,-541.67,16.93,2,1,0,0
2024-09-20,980341.ZHBK,16.93,-332.9,0.0,2,1,0,0
2024-09-20,980339.ZHBK,10.72,-471.52,-32.15,2,1,0,0
2024-09-20,980379.ZHBK,0.0,-230.53,0.0,2,1,0,0
2024-09-20,980335.ZHBK,0.0,-547.9,-8.56,2,1,0,0
2024-09-19,980366.ZHBK,174.19,76.08,-32.03,2,0,0,0
2024-09-19,980753.ZHBK,155.6,66.43,-24.48,2,0,0,0
2024-09-19,980376.ZHBK,154.96,74.98,-5.0,2,0,0,0
2024-09-19,980371.ZHBK,150.21,106.4,43.81,2,1,0,0
2024-09-19,980474.ZHBK,146.79,47.12,0.0,2,1,0,0
2024-09-19,980343.ZHBK,145.33,72.67,-54.49,2,0,0,0
2024-09-19,980357.ZHBK,142.8,40.6,-19.6,2,0,0,0
2024-09-19,980476.ZHBK,117.04,74.48,-15.96,2,1,0,0
2024-09-19,980364.ZHBK,110.81,8.42,-15.43,2,1,0,0
2024-09-19,980363.ZHBK,109.24,0.0,-39.72,2,1,0,0
2024-09-19,980373.ZHBK,109.09,22.57,-11.28,2,1,0,0
2024-09-19,980346.ZHBK,107.58,33.1,8.27,2,1,0,0
2024-09-19,980338.ZHBK,103.66,23.04,-15.35,2,1,0,0
2024-09-19,980378.ZHBK,98.31,23.83,-38.73,2,1,0,0
2024-09-19,980756.ZHBK,96.82,29.79,-7.45,2,1,0,0
2024-09-19,980365.ZHBK,94.86,-28.1,-48.01,2,1,0,0
2024-09-19,980372.ZHBK,93.42,-78.26,-25.24,2,1,0,0
2024-09-19,980477.ZHBK,90.28,-45.14,-67.71,2,1,0,0
2024-09-19,980362.ZHBK,88.37,-41.02,22.1,2,1,0,0
2024-09-19,980355.ZHBK,85.65,11.17,-18.62,2,0,0,0
2024-09-19,980352.ZHBK,84.64,-16.92,16.93,2,1,0,0
2024-09-19,980353.ZHBK,74.48,-85.12,-21.28,2,0,0,0
2024-09-19,980345.ZHBK,73.78,-3.51,-21.08,2,0,0,0
2024-09-19,980475.ZHBK,71.62,14.33,-28.64,2,1,0,0
2024-09-19,980358.ZHBK,63.84,-260.68,-26.6,2,1,0,0
2024-09-19,980348.ZHBK,63.84,-10.64,-10.64,2,0,0,0
2024-09-19,980360.ZHBK,60.19,-180.55,7.53,2,1,0,0
2024-09-19,980368.ZHBK,56.06,-48.05,-0.0,2,1,0,0
2024-09-19,980750.ZHBK,55.58,-127.84,5.56,2,1,0,0
2024-09-19,980336.ZHBK,52.27,-117.6,0.0,2,1,0,0
2024-09-19,980341.ZHBK,39.5,-214.41,0.0,2,1,0,0
2024-09-19,980374.ZHBK,34.38,-63.02,-57.29,2,0,0,0
2024-09-19,980335.ZHBK,34.24,-231.15,-59.93,2,1,0,0
2024-09-19,980339.ZHBK,32.15,-133.96,-42.87,2,1,0,0
2024-09-19,980473.ZHBK,25.68,-102.73,-59.93,2,1,0,0
2024-09-19,980379.ZHBK,0.0,-266.0,0.0,2,1,0,0
2024-09-19,980351.ZHBK,0.0,0.0,0.0,2,1,0,0
2024-09-19,980340.ZHBK,0.0,-186.2,0.0,2,0,0,0
2024-09-18,980340.ZHBK,124.13,62.06,62.06,2,0,0,0
2024-09-18,980357.ZHBK,119.0,65.8,-2.8,2,0,0,0
2024-09-18,980365.ZHBK,83.15,39.82,-9.36,2,1,0,0
2024-09-18,980364.ZHBK,74.34,32.26,-5.61,2,1,0,0
2024-09-18,980335.ZHBK,68.49,-51.36,34.25,2,1,0,0
2024-09-18,980477.ZHBK,67.71,-22.57,-45.14,2,1,0,0
2024-09-18,980473.ZHBK,59.93,17.13,-17.12,2,1,0,0
2024-09-18,980476.ZHBK,58.52,-15.96,0.0,2,1,0,0
2024-09-18,980372.ZHBK,50.49,-5.05,2.52,2,1,0,0
2024-09-18,980753.ZHBK,48.95,-0.0,-12.24,2,0,0,0
2024-09-18,980358.ZHBK,47.88,-196.84,0.0,2,1,0,0
2024-09-18,980343.ZHBK,42.39,-66.61,-72.66,2,0,0,0
2024-09-18,980345.ZHBK,42.16,-42.16,7.03,2,0,0,0
2024-09-18,980378.ZHBK,40.22,-10.43,-35.75,2,1,0,0
2024-09-18,980368.ZHBK,40.04,-40.05,-16.02,2,1,0,0
2024-09-18,980366.ZHBK,40.04,7.92,-18.02,2,0,0,0
2024-09-18,980474.ZHBK,39.87,-5.43,-10.87,2,1,0,0
2024-09-18,980373.ZHBK,37.62,-26.33,-30.09,2,1,0,0
2024-09-18,980363.ZHBK,34.76,-9.93,-19.86,2,1,0,0
2024-09-18,980362.ZHBK,34.72,-44.18,12.63,2,1,0,0
2024-09-18,980352.ZHBK,33.85,-84.64,33.85,2,1,0,0
2024-09-18,980750.ZHBK,33.35,-61.14,5.56,2,1,0,0
2024-09-18,980346.ZHBK,33.1,-49.66,8.27,2,1,0,0
2024-09-18,980353.ZHBK,31.92,-53.2,-10.64,2,0,0,0
2024-09-18,980348.ZHBK,31.92,-31.92,-31.92,2,0,0,0
2024-09-18,980371.ZHBK,31.29,-31.3,-18.78,2,1,0,0
2024-09-18,980338.ZHBK,30.71,-119.02,-15.36,2,1,0,0
2024-09-18,980336.ZHBK,30.49,-52.27,0.0,2,1,0,0
2024-09-18,980756.ZHBK,29.79,-44.69,-14.9,2,1,0,0
2024-09-18,980355.ZHBK,29.79,-40.97,-7.45,2,0,0,0
2024-09-18,980475.ZHBK,28.65,-114.58,0.0,2,1,0,0
2024-09-18,980376.ZHBK,24.99,-44.99,-25.0,2,0,0,0
2024-09-18,980339.ZHBK,21.43,-58.94,-5.36,2,1,0,0
2024-09-18,980374.ZHBK,11.46,-103.12,-5.73,2,0,0,0
2024-09-18,980360.ZHBK,7.52,-105.33,-0.0,2,1,0,0
2024-09-18,980379.ZHBK,0.0,-17.73,0.0,2,1,0,0
2024-09-18,980351.ZHBK,0.0,0.0,0.0,2,1,0,0
2024-09-18,980341.ZHBK,0.0,-73.35,-5.64,2,1,0,0
2024-09-13,980335.ZHBK,171.22,-51.36,8.56,2,1,0,0
2024-09-13,980475.ZHBK,71.62,-114.58,14.33,2,1,0,0
2024-09-13,980340.ZHBK,62.07,-124.13,0.0,2,0,0,0
2024-09-13,980343.ZHBK,60.55,-84.78,-54.5,2,0,0,0
2024-09-13,980358.ZHBK,58.52,-101.08,21.28,2,1,0,0
2024-09-13,980338.ZHBK,53.75,-122.85,-30.71,2,1,0,0
2024-09-13,980476.ZHBK,53.2,-90.44,-21.28,2,1,0,0
2024-09-13,980352.ZHBK,50.78,-135.42,-0.0,2,1,0,0
2024-09-13,980373.ZHBK,48.9,-67.71,-22.57,2,1,0,0
2024-09-13,980374.ZHBK,45.83,-0.0,-17.19,2,0,0,0
2024-09-13,980753.ZHBK,45.46,-180.08,-38.46,2,0,0,0
2024-09-13,980372.ZHBK,45.45,-7.57,-7.57,2,1,0,0
2024-09-13,980474.ZHBK,45.3,-119.61,-29.0,2,1,0,0
2024-09-13,980357.ZHBK,44.8,-7.0,-46.2,2,0,0,0
2024-09-13,980366.ZHBK,44.17,-216.81,-40.15,2,0,0,0
2024-09-13,980345.ZHBK,42.16,-14.05,-10.54,2,0,0,0
2024-09-13,980365.ZHBK,42.16,-50.35,-19.91,2,1,0,0
2024-09-13,980346.ZHBK,41.38,-82.75,-33.1,2,1,0,0
2024-09-13,980371.ZHBK,37.55,-43.81,-25.04,2,1,0,0
2024-09-13,980756.ZHBK,37.24,-74.48,-29.79,2,1,0,0
2024-09-13,980363.ZHBK,34.76,-19.86,-34.75,2,1,0,0
2024-09-13,980364.ZHBK,33.66,-25.25,-43.49,2,1,0,0
2024-09-13,980750.ZHBK,33.35,-166.75,-27.79,2,1,0,0
2024-09-13,980368.ZHBK,32.03,-88.1,-64.07,2,1,0,0
2024-09-13,980362.ZHBK,31.56,-145.17,-28.4,2,1,0,0
2024-09-13,980336.ZHBK,30.49,-143.73,-30.49,2,1,0,0
2024-09-13,980355.ZHBK,29.79,-70.76,-26.07,2,0,0,0
2024-09-13,980378.ZHBK,28.3,-75.97,-26.82,2,1,0,0
2024-09-13,980376.ZHBK,24.99,-74.98,-15.0,2,0,0,0
2024-09-13,980477.ZHBK,22.57,-22.57,-67.71,2,1,0,0
2024-09-13,980339.ZHBK,21.43,-117.89,-32.15,2,1,0,0
2024-09-13,980353.ZHBK,21.28,-85.12,0.0,2,0,0,0
2024-09-13,980473.ZHBK,17.12,-68.49,-17.12,2,1,0,0
2024-09-13,980348.ZHBK,10.64,-53.2,-31.92,2,0,0,0
2024-09-13,980360.ZHBK,7.52,-90.28,-15.05,2,1,0,0
2024-09-13,980341.ZHBK,5.64,-124.14,-5.64,2,1,0,0
2024-09-13,980379.ZHBK,0.0,-195.07,0.0,2,1,0,0
2024-09-13,980351.ZHBK,0.0,-67.71,-67.71,2,1,0,0
2024-09-12,980376.ZHBK,154.96,99.97,-34.99,2,0,0,0
2024-09-12,980357.ZHBK,88.2,18.2,-33.6,2,0,0,0
2024-09-12,980756.ZHBK,67.03,0.0,-22.35,2,1,0,0
2024-09-12,980476.ZHBK,63.84,-5.32,-37.24,2,1,0,0
2024-09-12,980340.ZHBK,62.07,62.07,0.0,2,0,0,0
2024-09-12,980338.ZHBK,61.43,3.84,7.68,2,1,0,0
2024-09-12,980346.ZHBK,57.93,-8.27,-33.1,2,1,0,0
2024-09-12,980365.ZHBK,55.04,-45.67,-25.76,2,1,0,0
2024-09-12,980753.ZHBK,54.2,-20.98,-27.97,2,0,0,0
2024-09-12,980366.ZHBK,52.2,-16.06,-34.12,2,0,0,0
2024-09-12,980473.ZHBK,51.37,25.69,0.0,2,1,0,0
2024-09-12,980378.ZHBK,40.22,-119.17,-29.79,2,1,0,0
2024-09-12,980363.ZHBK,39.72,4.96,-19.86,2,1,0,0
2024-09-12,980750.ZHBK,38.91,16.68,0.0,2,1,0,0
2024-09-12,980373.ZHBK,37.62,-56.42,-18.8,2,1,0,0
2024-09-12,980336.ZHBK,34.84,17.42,-8.72,2,1,0,0
2024-09-12,980335.ZHBK,34.24,-68.49,-0.0,2,1,0,0
2024-09-12,980355.ZHBK,33.52,-18.62,-18.62,2,0,0,0
2024-09-12,980372.ZHBK,32.82,-93.42,-27.77,2,1,0,0
2024-09-12,980474.ZHBK,32.62,-289.95,-36.24,2,1,0,0
2024-09-12,980364.ZHBK,32.26,-103.8,-40.68,2,1,0,0
2024-09-12,980353.ZHBK,31.92,-10.64,0.0,2,0,0,0
2024-09-12,980362.ZHBK,31.56,-12.62,-31.56,2,1,0,0
2024-09-12,980371.ZHBK,31.29,-6.26,-12.52,2,1,0,0
2024-09-12,980343.ZHBK,30.28,-151.38,-42.38,2,0,0,0
2024-09-12,980374.ZHBK,28.65,-11.45,-22.91,2,0,0,0
2024-09-12,980345.ZHBK,24.59,-28.11,-38.65,2,0,0,0
2024-09-12,980368.ZHBK,24.03,-96.1,-24.02,2,1,0,0
2024-09-12,980352.ZHBK,16.93,-67.71,-50.78,2,1,0,0
2024-09-12,980358.ZHBK,15.96,-58.52,-21.28,2,1,0,0
2024-09-12,980475.ZHBK,14.32,-28.65,-0.0,2,1,0,0
2024-09-12,980339.ZHBK,10.72,-42.86,-37.5,2,1,0,0
2024-09-12,980348.ZHBK,10.64,-0.0,-42.56,2,0,0,0
2024-09-12,980360.ZHBK,7.52,-45.14,-0.0,2,1,0,0
2024-09-12,980379.ZHBK,0.0,0.0,0.0,2,1,0,0
2024-09-12,980351.ZHBK,0.0,0.0,-67.71,2,1,0,0
2024-09-12,980477.ZHBK,0.0,-67.71,0.0,2,1,0,0
2024-09-12,980341.ZHBK,0.0,-39.5,0.0,2,1,0,0
2024-09-11,980338.ZHBK,57.59,-115.17,-23.03,2,1,0,0
2024-09-11,980353.ZHBK,53.2,-255.36,-21.28,2,0,0,0
2024-09-11,980343.ZHBK,48.44,-169.55,-42.39,2,0,0,0
2024-09-11,980476.ZHBK,42.56,-154.28,-31.92,2,1,0,0
2024-09-11,980756.ZHBK,37.24,-126.62,-14.9,2,1,0,0
2024-09-11,980378.ZHBK,37.24,-74.48,-41.71,2,1,0,0
2024-09-11,980365.ZHBK,35.13,-340.78,-44.5,2,1,0,0
2024-09-11,980346.ZHBK,33.1,-140.69,-24.83,2,1,0,0
2024-09-11,980374.ZHBK,28.65,-160.41,-22.91,2,0,0,0
2024-09-11,980357.ZHBK,28.0,-357.0,-49.0,2,0,0,0
2024-09-11,980473.ZHBK,25.68,-145.54,-42.81,2,1,0,0
2024-09-11,980364.ZHBK,25.25,-151.48,-35.06,2,1,0,0
2024-09-11,980376.ZHBK,24.99,-534.86,-49.99,2,0,0,0
2024-09-11,980345.ZHBK,24.59,-129.99,-28.11,2,0,0,0
2024-09-11,980366.ZHBK,22.08,-550.07,-52.2,2,0,0,0
2024-09-11,980753.ZHBK,20.98,-524.51,-62.94,2,0,0,0
2024-09-11,980474.ZHBK,19.93,-297.2,-86.99,2,1,0,0
2024-09-11,980373.ZHBK,18.81,-206.89,-41.38,2,1,0,0
2024-09-11,980335.ZHBK,17.12,-162.66,-17.12,2,1,0,0
2024-09-11,980372.ZHBK,15.15,-252.47,-45.44,2,1,0,0
2024-09-11,980355.ZHBK,11.17,-353.78,-37.24,2,0,0,0
2024-09-11,980339.ZHBK,10.72,-96.45,-16.07,2,1,0,0
2024-09-11,980358.ZHBK,10.64,-26.6,-31.92,2,1,0,0
2024-09-11,980348.ZHBK,10.64,-287.28,-21.28,2,0,0,0
2024-09-11,980368.ZHBK,8.01,-104.11,-24.02,2,1,0,0
2024-09-11,980360.ZHBK,7.52,-37.62,-22.57,2,1,0,0
2024-09-11,980362.ZHBK,6.31,-157.8,-37.87,2,1,0,0
2024-09-11,980363.ZHBK,4.97,-307.85,-24.82,2,1,0,0
2024-09-11,980336.ZHBK,4.36,-87.11,-34.84,2,1,0,0
2024-09-11,980750.ZHBK,0.0,-122.28,-22.23,2,1,0,0
2024-09-11,980379.ZHBK,0.0,-177.33,0.0,2,1,0,0
2024-09-11,980351.ZHBK,0.0,0.0,0.0,2,1,0,0
2024-09-11,980340.ZHBK,0.0,-124.13,-62.07,2,0,0,0
2024-09-11,980352.ZHBK,0.0,-186.2,-33.85,2,1,0,0
2024-09-11,980477.ZHBK,0.0,-225.7,-22.57,2,1,0,0
2024-09-11,980341.ZHBK,0.0,-67.71,-16.93,2,1,0,0
2024-09-11,980371.ZHBK,0.0,-68.85,-18.78,2,1,0,0
2024-09-11,980475.ZHBK,0.0,-229.17,-28.65,2,1,0,0
2024-09-10,980374.ZHBK,120.31,-126.05,-17.19,2,0,0,0
2024-09-10,980345.ZHBK,94.86,-115.93,-24.59,2,0,0,0
2024-09-10,980343.ZHBK,90.83,-139.27,0.0,2,0,0,0
2024-09-10,980352.ZHBK,84.64,-33.85,-16.92,2,1,0,0
2024-09-10,980378.ZHBK,81.93,-138.53,-35.75,2,1,0,0
2024-09-10,980348.ZHBK,63.84,-10.64,-10.64,2,0,0,0
2024-09-10,980355.ZHBK,63.31,-18.62,-44.69,2,0,0,0
2024-09-10,980372.ZHBK,60.59,-12.63,-15.15,2,1,0,0
2024-09-10,980473.ZHBK,59.93,-162.65,-42.8,2,1,0,0
2024-09-10,980475.ZHBK,57.29,-0.0,-0.0,2,1,0,0
2024-09-10,980474.ZHBK,56.18,-14.49,-28.99,2,1,0,0
2024-09-10,980368.ZHBK,56.06,-48.05,-32.03,2,1,0,0
2024-09-10,980366.ZHBK,54.2,-20.08,-24.09,2,0,0,0
2024-09-10,980338.ZHBK,53.75,-88.3,-23.03,2,1,0,0
2024-09-10,980339.ZHBK,53.58,-10.72,-0.0,2,1,0,0
2024-09-10,980358.ZHBK,53.2,-58.52,-10.64,2,1,0,0
2024-09-10,980476.ZHBK,53.2,-74.48,-53.2,2,1,0,0
2024-09-10,980753.ZHBK,50.7,-19.23,-41.96,2,0,0,0
2024-09-10,980365.ZHBK,45.67,-62.07,-42.16,2,1,0,0
2024-09-10,980756.ZHBK,44.69,-119.17,-37.24,2,1,0,0
2024-09-10,980353.ZHBK,42.56,-53.2,-10.64,2,0,0,0
2024-09-10,980363.ZHBK,39.72,-89.38,-19.86,2,1,0,0
2024-09-10,980357.ZHBK,37.8,-26.6,-26.6,2,0,0,0
2024-09-10,980373.ZHBK,37.62,-48.9,-33.85,2,1,0,0
2024-09-10,980364.ZHBK,33.66,-39.28,-29.46,2,1,0,0
2024-09-10,980346.ZHBK,33.1,-140.69,-41.38,2,1,0,0
2024-09-10,980371.ZHBK,31.29,-194.03,-6.26,2,1,0,0
2024-09-10,980360.ZHBK,30.09,-90.28,-15.05,2,1,0,0
2024-09-10,980335.ZHBK,25.68,-0.0,-8.56,2,1,0,0
2024-09-10,980362.ZHBK,25.25,-53.65,-22.09,2,1,0,0
2024-09-10,980376.ZHBK,24.99,-79.98,-59.99,2,0,0,0
2024-09-10,980341.ZHBK,16.93,-62.06,-11.28,2,1,0,0
2024-09-10,980750.ZHBK,16.67,-11.12,-27.8,2,1,0,0
2024-09-10,980336.ZHBK,8.71,-87.11,-39.2,2,1,0,0
2024-09-10,980340.ZHBK,0.0,-124.13,-124.13,2,0,0,0
2024-09-10,980351.ZHBK,0.0,-338.55,0.0,2,1,0,0
2024-09-10,980379.ZHBK,0.0,0.0,0.0,2,1,0,0
2024-09-10,980477.ZHBK,0.0,-45.14,-67.71,2,1,0,0
2024-09-09,980378.ZHBK,77.46,58.02,-14.9,2,1,0,0
2024-09-09,980345.ZHBK,66.75,-52.7,-0.0,2,0,0,0
2024-09-09,980357.ZHBK,58.8,22.4,-7.0,2,0,0,0
2024-09-09,980343.ZHBK,48.44,24.02,-24.22,2,0,0,0
2024-09-09,980368.ZHBK,48.05,-16.02,-0.0,2,1,0,0
2024-09-09,980374.ZHBK,45.83,-108.86,-11.46,2,0,0,0
2024-09-09,980376.ZHBK,39.99,-0.0,5.0,2,0,0,0
2024-09-09,980364.ZHBK,33.66,-2.81,-2.81,2,1,0,0
2024-09-09,980346.ZHBK,33.1,-24.83,-57.93,2,1,0,0
2024-09-09,980476.ZHBK,31.92,-10.64,-37.24,2,1,0,0
2024-09-09,980365.ZHBK,31.62,-0.05,-18.74,2,1,0,0
2024-09-09,980338.ZHBK,30.71,-15.36,-26.88,2,1,0,0
2024-09-09,980756.ZHBK,29.79,-22.35,-59.59,2,1,0,0
2024-09-09,980373.ZHBK,26.33,11.28,-11.29,2,1,0,0
2024-09-09,980362.ZHBK,25.25,-9.47,3.16,2,1,0,0
2024-09-09,980363.ZHBK,24.83,-0.16,4.97,2,1,0,0
2024-09-09,980753.ZHBK,24.48,-22.73,-19.23,2,0,0,0
2024-09-09,980474.ZHBK,23.56,3.63,-18.12,2,1,0,0
2024-09-09,980372.ZHBK,22.72,-53.28,-20.2,2,1,0,0
2024-09-09,980750.ZHBK,22.23,-5.56,11.11,2,1,0,0
2024-09-09,980366.ZHBK,22.08,-20.08,-18.07,2,0,0,0
2024-09-09,980336.ZHBK,21.78,-21.78,-4.35,2,1,0,0
2024-09-09,980339.ZHBK,21.43,-58.94,-10.72,2,1,0,0
2024-09-09,980353.ZHBK,21.28,-31.92,-21.28,2,0,0,0
2024-09-09,980352.ZHBK,16.93,-84.63,-67.71,2,1,0,0
2024-09-09,980360.ZHBK,15.05,-97.8,-22.57,2,1,0,0
2024-09-09,980475.ZHBK,14.32,-42.97,-0.0,2,1,0,0
2024-09-09,980371.ZHBK,12.52,-12.52,-12.52,2,1,0,0
2024-09-09,980341.ZHBK,11.28,-84.64,-5.65,2,1,0,0
2024-09-09,980348.ZHBK,10.64,-42.56,-42.56,2,0,0,0
2024-09-09,980358.ZHBK,10.64,-5.32,-10.64,2,1,0,0
2024-09-09,980335.ZHBK,8.56,-34.24,-8.56,2,1,0,0
2024-09-09,980473.ZHBK,8.56,-42.81,-59.93,2,1,0,0
2024-09-09,980355.ZHBK,7.45,-52.13,-29.79,2,0,0,0
2024-09-09,980340.ZHBK,0.0,0.0,-62.07,2,0,0,0
2024-09-09,980351.ZHBK,0.0,-67.71,0.0,2,1,0,0
2024-09-09,980379.ZHBK,0.0,-35.47,0.0,2,1,0,0
2024-09-09,980477.ZHBK,0.0,0.0,-22.57,2,1,0,0
2024-09-06,980360.ZHBK,436.35,90.28,135.42,2,1,0,0
2024-09-06,980341.ZHBK,332.9,90.28,101.56,2,1,0,0
2024-09-06,980352.ZHBK,101.56,-169.28,-0.0,2,1,0,0
2024-09-06,980366.ZHBK,76.29,-421.58,-34.13,2,0,0,0
2024-09-06,980345.ZHBK,70.26,-361.86,-17.57,2,0,0,0
2024-09-06,980753.ZHBK,64.69,-435.34,-36.71,2,0,0,0
2024-09-06,980340.ZHBK,62.07,0.0,-62.06,2,0,0,0
2024-09-06,980374.ZHBK,57.29,-452.61,-22.92,2,0,0,0
2024-09-06,980365.ZHBK,55.13,-182.97,-9.38,2,1,0,0
2024-09-06,980378.ZHBK,50.85,-367.91,-28.42,2,1,0,0
2024-09-06,980363.ZHBK,49.99,-264.93,-29.99,2,1,0,0
2024-09-06,980357.ZHBK,49.0,-165.2,-22.4,2,0,0,0
2024-09-06,980339.ZHBK,48.22,-166.11,-5.36,2,1,0,0
2024-09-06,980338.ZHBK,46.07,-264.9,-42.23,2,1,0,0
2024-09-06,980355.ZHBK,44.69,-517.63,-7.45,2,0,0,0
2024-09-06,980372.ZHBK,43.07,-281.2,-22.8,2,1,0,0
2024-09-06,980348.ZHBK,42.56,-585.2,-10.64,2,0,0,0
2024-09-06,980476.ZHBK,42.56,-297.92,-37.24,2,1,0,0
2024-09-06,980373.ZHBK,41.38,-315.97,-33.85,2,1,0,0
2024-09-06,980376.ZHBK,39.99,-279.92,-64.98,2,0,0,0
2024-09-06,980362.ZHBK,37.87,-201.98,-0.0,2,1,0,0
2024-09-06,980343.ZHBK,36.63,-354.08,-30.52,2,0,0,0
2024-09-06,980473.ZHBK,34.24,-316.76,-25.69,2,1,0,0
2024-09-06,980750.ZHBK,33.35,-161.19,22.23,2,1,0,0
2024-09-06,980364.ZHBK,32.26,-106.6,-18.23,2,1,0,0
2024-09-06,980368.ZHBK,32.03,-320.35,8.0,2,1,0,0
2024-09-06,980475.ZHBK,28.65,-100.26,0.0,2,1,0,0
2024-09-06,980474.ZHBK,27.18,-101.48,-25.37,2,1,0,0
2024-09-06,980336.ZHBK,26.13,-235.2,13.06,2,1,0,0
2024-09-06,980335.ZHBK,25.68,-51.37,8.56,2,1,0,0
2024-09-06,980371.ZHBK,25.04,-363.01,0.0,2,1,0,0
2024-09-06,980477.ZHBK,22.57,-428.82,0.0,2,1,0,0
2024-09-06,980353.ZHBK,21.28,-457.52,-10.64,2,0,0,0
2024-09-06,980358.ZHBK,21.28,-484.12,-21.28,2,1,0,0
2024-09-06,980346.ZHBK,16.55,-347.57,-57.93,2,1,0,0
2024-09-06,980756.ZHBK,14.9,-350.05,-59.58,2,1,0,0
2024-09-06,980351.ZHBK,0.0,-609.38,0.0,2,1,0,0
2024-09-06,980379.ZHBK,0.0,-35.47,0.0,2,1,0,0
2024-09-05,980358.ZHBK,170.24,138.32,101.08,2,1,0,0
2024-09-05,980366.ZHBK,116.44,68.26,0.0,2,0,0,0
2024-09-05,980753.ZHBK,94.41,54.2,-13.99,2,0,0,0
2024-09-05,980353.ZHBK,74.48,-0.0,10.64,2,0,0,0
2024-09-05,980345.ZHBK,70.26,-42.16,-7.03,2,0,0,0
2024-09-05,980372.ZHBK,63.33,-55.74,-27.87,2,1,0,0
2024-09-05,980340.ZHBK,62.07,-248.26,0.0,2,0,0,0
2024-09-05,980376.ZHBK,59.98,4.99,-10.0,2,0,0,0
2024-09-05,980373.ZHBK,56.42,-18.81,-11.29,2,1,0,0
2024-09-05,980365.ZHBK,53.95,-15.25,-31.67,2,1,0,0
2024-09-05,980338.ZHBK,53.75,7.68,-23.03,2,1,0,0
2024-09-05,980476.ZHBK,53.2,5.32,-26.6,2,1,0,0
2024-09-05,980756.ZHBK,52.14,7.45,-7.44,2,1,0,0
2024-09-05,980346.ZHBK,49.65,-0.0,-8.28,2,1,0,0
2024-09-05,980355.ZHBK,48.41,-11.17,-0.0,2,0,0,0
2024-09-05,980474.ZHBK,47.12,-106.91,-47.11,2,1,0,0
2024-09-05,980374.ZHBK,45.83,-0.0,-17.19,2,0,0,0
2024-09-05,980357.ZHBK,44.8,-49.0,-21.0,2,0,0,0
2024-09-05,980364.ZHBK,43.48,-58.91,-40.68,2,1,0,0
2024-09-05,980475.ZHBK,42.97,42.97,-14.32,2,1,0,0
2024-09-05,980343.ZHBK,42.73,-36.63,-30.53,2,0,0,0
2024-09-05,980378.ZHBK,41.88,-83.75,-29.91,2,1,0,0
2024-09-05,980363.ZHBK,34.99,-24.99,-10.0,2,1,0,0
2024-09-05,980368.ZHBK,32.03,-32.04,-40.05,2,1,0,0
2024-09-05,980371.ZHBK,31.29,-6.26,-6.26,2,1,0,0
2024-09-05,980362.ZHBK,25.25,-28.4,-18.93,2,1,0,0
2024-09-05,980360.ZHBK,22.57,-7.52,-22.57,2,1,0,0
2024-09-05,980477.ZHBK,22.57,-22.57,-22.57,2,1,0,0
2024-09-05,980348.ZHBK,21.28,-63.84,-10.64,2,0,0,0
2024-09-05,980473.ZHBK,17.12,-51.37,-34.25,2,1,0,0
2024-09-05,980341.ZHBK,16.93,-28.21,-11.28,2,1,0,0
2024-09-05,980352.ZHBK,16.93,-16.92,-50.78,2,1,0,0
2024-09-05,980750.ZHBK,16.67,-38.91,-0.0,2,1,0,0
2024-09-05,980339.ZHBK,16.07,-58.95,-5.36,2,1,0,0
2024-09-05,980336.ZHBK,13.07,-39.2,0.0,2,1,0,0
2024-09-05,980335.ZHBK,8.56,-0.0,-8.56,2,1,0,0
2024-09-05,980351.ZHBK,0.0,0.0,-67.71,2,1,0,0
2024-09-05,980379.ZHBK,0.0,-53.2,0.0,2,1,0,0
