buyDate,sellDate,code,name,mode,returnPct,xcjw,cjs,jsjl,jssb,openPctChange,reason
2026-03-02,2026-03-03,603257.XSHG,中国瑞林,接力低弱转2,2.8823529411764692,259.68,0.0,46.72,0.0,2.36,高开弱转强 + 昨日连板 + 竞王达标
2026-03-02,2026-03-03,301226.XSHE,祥明智能,接力低弱转1,-0.7179249652616959,232.73,0.0,54.87,0.0,3.25,弱转强 + 昨日连板 + 竞王达标
2026-03-02,2026-03-03,301226.XSHE,祥明智能,接力低弱转2,-0.7179249652616959,232.73,0.0,54.87,0.0,3.25,高开弱转强 + 昨日连板 + 竞王达标
2026-03-02,2026-03-03,603618.XSHG,杭电股份,接力低弱转2,0.5370569280343629,170.65,0.0,27.7,0.0,2.59,高开弱转强 + 昨日连板 + 竞王达标
2026-03-02,2026-03-03,600410.XSHG,华胜天成,首红断低吸,-1.7290049400141116,268.96,89.81,0.0,0.0,-2.07,首红断 + 低吸有分 + 竞王达标
2026-03-02,2026-03-03,603331.XSHG,百达精工,N字低吸,-6.069364161849711,231.78,45.76,0.0,0.0,-5.05,强方向 + N字半位 + 低吸有分
2026-03-02,2026-03-03,000890.XSHE,法尔胜,绿断低吸,14.002828854314009,222.93,144.95,0.0,0.0,-7.7,绿断 + 低吸有分 + 竞王达标
2026-03-02,2026-03-03,002546.XSHE,新联电子,首红断低吸,2.499999999999991,194.35,25.14,0.0,0.0,-3.61,首红断 + 低吸有分 + 竞王达标
2026-03-02,2026-03-03,600979.XSHG,广安爱众,首红断低吸,5.200000000000005,181.54,15.28,0.0,0.0,-2.53,首红断 + 低吸有分 + 竞王达标
2026-03-02,2026-03-03,603912.XSHG,佳力图,首红断低吸,-2.9501525940997086,180.36,5.1,0.0,0.0,-1.11,首红断 + 低吸有分 + 竞王达标
2026-03-02,2026-03-03,001400.XSHE,江顺科技,首红断低吸,0.7296209325729608,178.24,15.14,0.0,0.0,-1.71,首红断 + 低吸有分 + 竞王达标
2026-03-02,2026-03-03,001339.XSHE,智微智能,首红断低吸,8.270802067700522,155.2,11.18,0.0,0.0,-1.79,首红断 + 低吸有分 + 竞王达标
2026-03-02,2026-03-03,002272.XSHE,川润股份,首红断低吸,-0.3123373243102634,118.31,8.59,0.0,0.0,-1.34,首红断 + 低吸有分 + 竞王达标
2026-03-02,2026-03-03,002491.XSHE,通鼎互联,首红断低吸,22.177822177822183,115.73,16.77,0.0,0.0,-5.48,首红断 + 低吸有分 + 竞王达标
2026-03-03,2026-03-04,002389.XSHE,航天彩虹,接力低弱转1,6.555555555555559,299.84,0.0,20.49,0.0,1.73,弱转强 + 昨日连板 + 竞王达标
2026-03-03,2026-03-04,002389.XSHE,航天彩虹,接力低弱转2,6.555555555555559,299.84,0.0,20.49,0.0,1.73,高开弱转强 + 昨日连板 + 竞王达标
2026-03-03,2026-03-04,001337.XSHE,四川黄金,接力低弱转1,-2.488363766559254,281.56,0.0,2.97,0.0,0.22,弱转强 + 昨日连板 + 竞王达标
2026-03-03,2026-03-04,603393.XSHG,新天然气,接力低弱转2,-0.45941807044410643,177.75,0.0,31.87,0.0,4.54,高开弱转强 + 昨日连板 + 竞王达标
2026-03-03,2026-03-04,000731.XSHE,四川美丰,首红断低吸,-6.370192307692313,353.61,127.87,0.0,0.0,-3.26,首红断 + 低吸有分 + 竞王达标
2026-03-03,2026-03-04,000731.XSHE,四川美丰,孕线低吸,-6.370192307692313,353.61,127.87,0.0,0.0,-3.26,强方向 + 孕线 + 低吸分达标
2026-03-03,2026-03-04,000899.XSHE,赣能股份,绿断低吸,-0.07112375533427917,285.98,60.52,0.0,0.0,-4.09,绿断 + 低吸有分 + 竞王达标
2026-03-03,2026-03-04,001209.XSHE,洪兴股份,绿断低吸,-12.44460856720826,246.07,133.35,0.0,0.0,-7.48,绿断 + 低吸有分 + 竞王达标
2026-03-03,2026-03-04,001896.XSHE,豫能控股,红断低吸,2.663786897048226,206.51,13.27,0.0,0.0,-1.77,红断 + 低吸有分 + 竞王达标
2026-03-03,2026-03-04,002350.XSHE,北京科锐,绿断低吸,14.23670668953687,165.39,9.91,0.0,0.0,-1.93,绿断 + 低吸有分 + 竞王达标
2026-03-03,2026-03-04,600821.XSHG,金开新能,首红断低吸,9.002770083102508,161.93,14.31,0.0,0.0,-2.43,首红断 + 低吸有分 + 竞王达标
2026-03-04,2026-03-05,601083.XSHG,锦江航运,接力低弱转1,-11.231884057971019,248.21,0.0,11.86,0.0,0.51,弱转强 + 昨日连板 + 竞王达标
2026-03-04,2026-03-05,002843.XSHE,泰嘉股份,绿断低吸,-12.054035330793212,722.87,114.34,0.0,0.0,-0.41,绿断 + 低吸有分 + 竞王达标
2026-03-04,2026-03-05,002155.XSHE,湖南黄金,绿断低吸,0.40849673202614234,263.26,127.78,0.0,0.0,-9.73,绿断 + 低吸有分 + 竞王达标
2026-03-04,2026-03-05,002716.XSHE,湖南白银,N字低吸,3.7868162692847207,250.96,108.76,0.0,0.0,-9.0,强方向 + N字半位 + 低吸有分
2026-03-04,2026-03-05,002842.XSHE,翔鹭钨业,绿断低吸,0.5046863734679219,209.27,72.3,0.0,0.0,-4.74,绿断 + 低吸有分 + 竞王达标
2026-03-04,2026-03-05,301213.XSHE,观想科技,首红断低吸,1.666666666666683,175.3,80.78,0.0,0.0,-9.68,首红断 + 低吸有分 + 竞王达标
2026-03-04,2026-03-05,000510.XSHE,新金路,绿断低吸,0.302571860816947,154.39,26.95,0.0,0.0,-5.26,绿断 + 低吸有分 + 竞王达标
2026-03-04,2026-03-05,600988.XSHG,赤峰黄金,首红断低吸,0.623596906959345,152.99,20.26,0.0,0.0,-6.11,首红断 + 低吸有分 + 竞王达标
2026-03-04,2026-03-05,000637.XSHE,茂化实华,首红断低吸,-3.9252336448598157,134.97,35.66,0.0,0.0,-6.14,首红断 + 低吸有分 + 竞王达标
2026-03-05,2026-03-06,000890.XSHE,法尔胜,接力低弱转1,-2.896995708154504,724.28,0.0,311.52,0.0,5.07,弱转强 + 昨日连板 + 竞王达标
2026-03-05,2026-03-06,000890.XSHE,法尔胜,接力低弱转2,-2.896995708154504,724.28,0.0,311.52,0.0,5.07,高开弱转强 + 昨日连板 + 竞王达标
2026-03-05,2026-03-06,301129.XSHE,瑞纳智能,接力低弱转1,-6.5785230570783675,598.05,0.0,205.47,0.0,6.09,弱转强 + 昨日连板 + 竞王达标
2026-03-05,2026-03-06,301129.XSHE,瑞纳智能,接力低弱转2,-6.5785230570783675,598.05,0.0,205.47,0.0,6.09,高开弱转强 + 昨日连板 + 竞王达标
2026-03-05,2026-03-06,002272.XSHE,川润股份,接力低弱转1,-7.193923145665771,391.46,0.0,277.65,0.0,6.22,弱转强 + 昨日连板 + 竞王达标
2026-03-05,2026-03-06,002272.XSHE,川润股份,接力低弱转2,-7.193923145665771,391.46,0.0,277.65,0.0,6.22,高开弱转强 + 昨日连板 + 竞王达标
2026-03-05,2026-03-06,603618.XSHG,杭电股份,接力低弱转2,-9.999999999999998,232.86,0.0,34.68,0.0,3.45,高开弱转强 + 昨日连板 + 竞王达标
2026-03-05,2026-03-06,300617.XSHE,安靠智电,接力低弱转2,5.111727763984231,225.99,0.0,111.3,0.0,5.65,高开弱转强 + 昨日连板 + 竞王达标
2026-03-05,2026-03-06,600722.XSHG,金牛化工,红断低吸,21.89189189189189,375.84,327.93,0.0,0.0,-7.35,红断 + 低吸有分 + 竞王达标
2026-03-05,2026-03-06,603353.XSHG,和顺石油,绿断低吸,-5.931034482758612,289.97,78.38,0.0,0.0,-6.43,绿断 + 低吸有分 + 竞王达标
2026-03-05,2026-03-06,601975.XSHG,招商南油,绿断低吸,-11.30268199233716,236.32,7.58,0.0,0.0,,绿断 + 低吸有分 + 竞王达标
2026-03-05,2026-03-06,000968.XSHE,蓝焰控股,红断低吸,-5.876685934489412,228.04,70.15,0.0,0.0,-6.65,红断 + 低吸有分 + 竞王达标
2026-03-05,2026-03-06,002629.XSHE,仁智股份,绿断低吸,-4.0229885057471275,201.19,34.32,0.0,0.0,-4.66,绿断 + 低吸有分 + 竞王达标
2026-03-05,2026-03-06,000554.XSHE,泰山石油,绿断低吸,-9.26573426573426,200.38,31.66,0.0,0.0,-1.55,绿断 + 低吸有分 + 竞王达标
2026-03-05,2026-03-06,002554.XSHE,惠博普,绿断低吸,-3.2258064516129115,180.27,7.33,0.0,0.0,-1.06,绿断 + 低吸有分 + 竞王达标
2026-03-05,2026-03-06,301158.XSHE,德石股份,绿断低吸,-7.156249999999997,179.43,5.84,0.0,0.0,-0.71,绿断 + 低吸有分 + 竞王达标
2026-03-05,2026-03-06,920088.BJSE,科力股份,绿断低吸,-6.025641025641026,173.08,197.72,0.0,0.0,-11.79,绿断 + 低吸有分 + 竞王达标
2026-03-05,2026-03-06,603727.XSHG,博迈科,绿断低吸,6.071805702217525,154.25,11.84,0.0,0.0,-3.52,绿断 + 低吸有分 + 竞王达标
2026-03-05,2026-03-06,300157.XSHE,新锦动力,绿断低吸,-9.36794582392777,132.88,25.25,0.0,0.0,-3.59,绿断 + 低吸有分 + 竞王达标
2026-03-06,2026-03-09,000815.XSHE,美利云,接力低弱转1,18.259723137771932,490.39,0.0,52.61,0.0,2.29,弱转强 + 昨日连板 + 竞王达标
2026-03-06,2026-03-09,000815.XSHE,美利云,接力低弱转2,18.259723137771932,490.39,0.0,52.61,0.0,2.29,高开弱转强 + 昨日连板 + 竞王达标
2026-03-06,2026-03-09,603318.XSHG,水发燃气,绿断低吸,-0.10741138560687036,352.12,135.42,0.0,0.0,-3.02,绿断 + 低吸有分 + 竞王达标
2026-03-06,2026-03-09,600759.XSHG,洲际油气,红断低吸,5.583756345177671,237.14,205.11,0.0,0.0,-9.43,红断 + 低吸有分 + 竞王达标
2026-03-06,2026-03-09,301373.XSHE,凌玮科技,首红断低吸,17.948275862068954,208.69,12.07,0.0,0.0,-0.39,首红断 + 低吸有分 + 竞王达标
2026-03-06,2026-03-09,002207.XSHE,准油股份,红断低吸,-0.22831050228311334,182.55,92.77,0.0,0.0,-6.14,红断 + 低吸有分 + 竞王达标
2026-03-06,2026-03-09,600108.XSHG,亚盛集团,绿断低吸,11.95876288659794,170.63,30.76,0.0,0.0,-3.39,绿断 + 低吸有分 + 竞王达标
2026-03-09,2026-03-10,000818.XSHE,航锦科技,接力低弱转1,-1.4314928425357754,369.17,0.0,42.31,0.0,2.9,弱转强 + 昨日连板 + 竞王达标
2026-03-09,2026-03-10,000818.XSHE,航锦科技,接力低弱转2,-1.4314928425357754,369.17,0.0,42.31,0.0,2.9,高开弱转强 + 昨日连板 + 竞王达标
2026-03-09,2026-03-10,600354.XSHG,敦煌种业,接力低弱转1,-1.4102564102564052,356.08,0.0,76.44,0.0,2.23,弱转强 + 昨日连板 + 竞王达标
2026-03-09,2026-03-10,600354.XSHG,敦煌种业,接力低弱转2,-1.4102564102564052,356.08,0.0,76.44,0.0,2.23,高开弱转强 + 昨日连板 + 竞王达标
2026-03-09,2026-03-10,002667.XSHE,威领股份,接力低弱转2,8.731884057971007,176.83,0.0,27.67,0.0,3.41,高开弱转强 + 昨日连板 + 竞王达标
2026-03-09,2026-03-10,600673.XSHG,东阳光,首红断低吸,11.171428571428565,310.2,100.96,0.0,0.0,-7.41,首红断 + 低吸有分 + 竞王达标
2026-03-09,2026-03-10,600673.XSHG,东阳光,孕线低吸,11.171428571428565,310.2,100.96,0.0,0.0,-7.41,强方向 + 孕线 + 低吸分达标
2026-03-09,2026-03-10,002796.XSHE,世嘉科技,首红断低吸,13.203501876005008,259.75,61.21,0.0,0.0,-6.4,首红断 + 低吸有分 + 竞王达标
2026-03-09,2026-03-10,300303.XSHE,聚飞光电,N字低吸,-0.667938931297718,235.12,66.81,0.0,0.0,-3.14,强方向 + N字半位 + 低吸有分
2026-03-09,2026-03-10,300323.XSHE,华灿光电,首红断低吸,-2.57548845470692,232.55,133.25,0.0,0.0,-5.7,首红断 + 低吸有分 + 竞王达标
2026-03-09,2026-03-10,002877.XSHE,智能自控,红断低吸,6.164383561643816,225.4,147.44,0.0,0.0,-6.24,红断 + 低吸有分 + 竞王达标
2026-03-09,2026-03-10,300265.XSHE,通光线缆,绿断低吸,1.907630522088355,221.04,50.48,0.0,0.0,-3.35,绿断 + 低吸有分 + 竞王达标
2026-03-09,2026-03-10,002491.XSHE,通鼎互联,N字低吸,8.974358974358987,212.27,33.44,0.0,0.0,-4.71,强方向 + N字半位 + 低吸有分
2026-03-09,2026-03-10,600468.XSHG,百利电气,首红断低吸,4.337631887456039,193.0,15.76,0.0,0.0,-2.29,首红断 + 低吸有分 + 竞王达标
2026-03-09,2026-03-10,002952.XSHE,亚世光电,首红断低吸,9.119999999999994,177.27,27.54,0.0,0.0,-4.32,首红断 + 低吸有分 + 竞王达标
2026-03-09,2026-03-10,001267.XSHE,汇绿生态,首红断低吸,21.910862022951694,171.9,19.9,0.0,0.0,-4.39,首红断 + 低吸有分 + 竞王达标
2026-03-09,2026-03-10,002471.XSHE,中超控股,首红断低吸,5.027932960893877,162.52,12.59,0.0,0.0,-1.97,首红断 + 低吸有分 + 竞王达标
2026-03-09,2026-03-10,002857.XSHE,三晖电气,首红断低吸,4.692691029900353,158.74,10.79,0.0,0.0,-2.75,首红断 + 低吸有分 + 竞王达标
2026-03-09,2026-03-10,300162.XSHE,雷曼光电,首红断低吸,2.7233115468409563,151.83,21.13,0.0,0.0,-2.75,首红断 + 低吸有分 + 竞王达标
2026-03-09,2026-03-10,600875.XSHG,东方电气,首红断低吸,0.11873664212775914,148.91,14.99,0.0,0.0,-4.77,首红断 + 低吸有分 + 竞王达标
2026-03-09,2026-03-10,002339.XSHE,积成电子,红断低吸,3.554502369668233,144.97,22.95,0.0,0.0,-3.28,红断 + 低吸有分 + 竞王达标
2026-03-09,2026-03-10,600744.XSHG,华银电力,首红断低吸,2.1372328458942658,143.18,10.39,0.0,0.0,-2.09,首红断 + 低吸有分 + 竞王达标
2026-03-10,2026-03-11,001339.XSHE,智微智能,接力低弱转1,-1.8961038961038845,260.63,0.0,78.3,0.0,5.54,弱转强 + 昨日连板 + 竞王达标
2026-03-10,2026-03-11,001339.XSHE,智微智能,接力低弱转2,-1.8961038961038845,260.63,0.0,78.3,0.0,5.54,高开弱转强 + 昨日连板 + 竞王达标
2026-03-10,2026-03-11,920010.BJSE,凯添燃气,N字低吸,5.8353317346123035,340.15,278.23,0.0,0.0,-12.52,强方向 + N字半位 + 低吸有分
2026-03-10,2026-03-11,600354.XSHG,敦煌种业,首红断低吸,-1.5424164524421635,281.59,18.97,0.0,0.0,-0.77,首红断 + 低吸有分 + 竞王达标
2026-03-10,2026-03-11,001696.XSHE,宗申动力,N字低吸,-1.726315789473687,277.62,53.27,0.0,0.0,-3.46,强方向 + N字半位 + 低吸有分
2026-03-10,2026-03-11,300332.XSHE,天壕能源,N字低吸,-0.32102728731943087,258.93,70.85,0.0,0.0,-4.3,强方向 + N字半位 + 低吸有分
2026-03-10,2026-03-11,002389.XSHE,航天彩虹,N字低吸,-2.8846153846153855,226.51,24.83,0.0,0.0,-3.17,强方向 + N字半位 + 低吸有分
2026-03-10,2026-03-11,301218.XSHE,华是科技,首红断低吸,3.9422829167740314,220.94,5.48,0.0,0.0,,首红断 + 低吸有分 + 竞王达标
2026-03-10,2026-03-11,002843.XSHE,泰嘉股份,首红断低吸,-0.30188679245282124,176.65,5.49,0.0,0.0,-0.6,首红断 + 低吸有分 + 竞王达标
2026-03-10,2026-03-11,002637.XSHE,赞宇科技,首红断低吸,-3.8612565445026226,168.22,2.0,0.0,0.0,,首红断 + 低吸有分 + 竞王达标
2026-03-11,2026-03-12,002467.XSHE,二六三,接力低弱转1,-4.155844155844157,540.82,0.0,60.14,0.0,1.45,弱转强 + 昨日连板 + 竞王达标
2026-03-11,2026-03-12,002467.XSHE,二六三,接力低弱转2,-4.155844155844157,540.82,0.0,60.14,0.0,1.45,高开弱转强 + 昨日连板 + 竞王达标
2026-03-11,2026-03-12,600172.XSHG,黄河旋风,接力低弱转1,3.7142857142857144,331.09,0.0,69.16,0.0,4.17,弱转强 + 昨日连板 + 竞王达标
2026-03-11,2026-03-12,600172.XSHG,黄河旋风,接力低弱转2,3.7142857142857144,331.09,0.0,69.16,0.0,4.17,高开弱转强 + 昨日连板 + 竞王达标
2026-03-11,2026-03-12,600108.XSHG,亚盛集团,接力低弱转1,13.170731707317064,287.75,0.0,60.77,0.0,3.02,弱转强 + 昨日连板 + 竞王达标
2026-03-11,2026-03-12,600108.XSHG,亚盛集团,接力低弱转2,13.170731707317064,287.75,0.0,60.77,0.0,3.02,高开弱转强 + 昨日连板 + 竞王达标
2026-03-11,2026-03-12,002335.XSHE,科华数据,接力低弱转1,-2.0767688341449264,281.15,0.0,7.22,0.0,0.49,弱转强 + 昨日连板 + 竞王达标
2026-03-11,2026-03-12,002281.XSHE,光迅科技,接力低弱转2,8.976621085134528,219.89,0.0,45.59,0.0,5.25,高开弱转强 + 昨日连板 + 竞王达标
2026-03-11,2026-03-12,000056.XSHE,皇庭国际,N字低吸,-1.492537313432829,382.31,72.99,0.0,0.0,-2.9,强方向 + N字半位 + 低吸有分
2026-03-11,2026-03-12,600227.XSHG,赤天化,红断低吸,6.434316353887404,284.9,79.58,0.0,0.0,-2.61,红断 + 低吸有分 + 竞王达标
2026-03-11,2026-03-12,600821.XSHG,金开新能,绿断低吸,12.525879917184257,210.17,8.14,0.0,0.0,,绿断 + 低吸有分 + 竞王达标
2026-03-11,2026-03-12,600722.XSHG,金牛化工,N字低吸,26.022913256955803,200.8,38.19,0.0,0.0,-4.01,强方向 + N字半位 + 低吸有分
2026-03-11,2026-03-12,002015.XSHE,协鑫能科,绿断低吸,18.600777345918917,141.46,2.93,0.0,0.0,-0.61,绿断 + 低吸有分 + 竞王达标
2026-03-11,2026-03-12,002261.XSHE,拓维信息,绿断低吸,-4.312213924355579,139.83,3.49,0.0,0.0,-0.6,绿断 + 低吸有分 + 竞王达标
2026-03-11,2026-03-12,002730.XSHE,电光科技,首红断低吸,-2.3103967855349072,129.73,1.5,0.0,0.0,-0.05,首红断 + 低吸有分 + 竞王达标
2026-03-12,2026-03-13,605268.XSHG,王力安防,绿断低吸,-7.912687585266031,355.56,157.09,0.0,0.0,-8.77,绿断 + 低吸有分 + 竞王达标
2026-03-12,2026-03-13,002903.XSHE,宇环数控,绿断低吸,6.485929993136574,320.75,25.7,0.0,0.0,-0.03,绿断 + 低吸有分 + 竞王达标
2026-03-13,2026-03-16,600821.XSHG,金开新能,接力低弱转1,-2.2935779816513735,279.01,0.0,5.58,0.0,0.28,弱转强 + 昨日连板 + 竞王达标
2026-03-13,2026-03-16,600714.XSHG,金瑞矿业,接力低弱转1,4.072398190045257,252.19,0.0,33.48,0.0,2.19,弱转强 + 昨日连板 + 竞王达标
2026-03-13,2026-03-16,600714.XSHG,金瑞矿业,接力低弱转2,4.072398190045257,252.19,0.0,33.48,0.0,2.19,高开弱转强 + 昨日连板 + 竞王达标
2026-03-13,2026-03-16,605305.XSHG,中际联合,接力低弱转1,1.1342592592592515,238.7,0.0,13.76,0.0,1.46,弱转强 + 昨日连板 + 竞王达标
2026-03-13,2026-03-16,605305.XSHG,中际联合,接力低弱转2,1.1342592592592515,238.7,0.0,13.76,0.0,1.46,高开弱转强 + 昨日连板 + 竞王达标
2026-03-13,2026-03-16,601789.XSHG,宁波建工,红断低吸,-10.748299319727895,284.96,75.43,0.0,0.0,-1.74,红断 + 低吸有分 + 竞王达标
2026-03-13,2026-03-16,603803.XSHG,瑞斯康达,红断低吸,7.813798836242736,184.02,41.62,0.0,0.0,-3.76,红断 + 低吸有分 + 竞王达标
2026-03-13,2026-03-16,301658.XSHE,首航新能,首红断低吸,-6.445533358462119,165.85,10.06,0.0,0.0,-0.26,首红断 + 低吸有分 + 竞王达标
2026-03-13,2026-03-16,000839.XSHE,国安股份,绿断低吸,-3.90625,133.58,4.03,0.0,0.0,-1.29,绿断 + 低吸有分 + 竞王达标
2026-03-13,2026-03-16,603757.XSHG,大元泵业,首红断低吸,0.6041666666666723,133.14,10.82,0.0,0.0,-2.79,首红断 + 低吸有分 + 竞王达标
2026-03-13,2026-03-16,600108.XSHG,亚盛集团,红断低吸,-9.677419354838712,126.06,8.04,0.0,0.0,-2.01,红断 + 低吸有分 + 竞王达标
2026-03-16,2026-03-17,001896.XSHE,豫能控股,N字低吸,-7.333333333333336,418.04,80.07,0.0,0.0,-2.85,强方向 + N字半位 + 低吸有分
2026-03-16,2026-03-17,002667.XSHE,威领股份,N字低吸,-0.27787426189648246,308.95,61.91,0.0,0.0,-4.38,强方向 + N字半位 + 低吸有分
2026-03-16,2026-03-17,600844.XSHG,金煤科技,首红断低吸,-4.316546762589923,257.1,10.9,0.0,0.0,,首红断 + 低吸有分 + 竞王达标
2026-03-16,2026-03-17,000537.XSHE,绿发电力,绿断低吸,-4.2622950819672045,251.46,16.41,0.0,0.0,-1.53,绿断 + 低吸有分 + 竞王达标
2026-03-16,2026-03-17,601868.XSHG,中国能建,绿断低吸,-10.054347826086962,167.6,6.38,0.0,0.0,-1.6,绿断 + 低吸有分 + 竞王达标
2026-03-17,2026-03-18,603175.XSHG,超颖电子,接力低弱转1,9.222222222222221,331.08,0.0,38.92,0.0,2.05,弱转强 + 昨日连板 + 竞王达标
2026-03-17,2026-03-18,603175.XSHG,超颖电子,接力低弱转2,9.222222222222221,331.08,0.0,38.92,0.0,2.05,高开弱转强 + 昨日连板 + 竞王达标
2026-03-17,2026-03-18,300209.XSHE,行云科技,接力低弱转2,-2.4800708591674048,199.84,0.0,21.77,0.0,1.35,高开弱转强 + 昨日连板 + 竞王达标
2026-03-17,2026-03-18,600722.XSHG,金牛化工,红断低吸,0.11527377521614035,375.24,256.58,0.0,0.0,-5.71,红断 + 低吸有分 + 竞王达标
2026-03-17,2026-03-18,600722.XSHG,金牛化工,孕线低吸,0.11527377521614035,375.24,256.58,0.0,0.0,-5.71,强方向 + 孕线 + 低吸分达标
2026-03-17,2026-03-18,600691.XSHG,潞化科技,绿断低吸,5.238095238095242,312.62,35.82,0.0,0.0,-2.1,绿断 + 低吸有分 + 竞王达标
2026-03-17,2026-03-18,002445.XSHE,中南文化,绿断低吸,7.105263157894748,238.38,114.1,0.0,0.0,-5.94,绿断 + 低吸有分 + 竞王达标
2026-03-17,2026-03-18,000677.XSHE,恒天海龙,首红断低吸,-6.199999999999994,156.72,13.4,0.0,0.0,-2.53,首红断 + 低吸有分 + 竞王达标
2026-03-17,2026-03-18,601218.XSHG,吉鑫科技,首红断低吸,-1.6034985422740622,138.4,26.19,0.0,0.0,-4.85,首红断 + 低吸有分 + 竞王达标
2026-03-17,2026-03-18,600121.XSHG,郑州煤电,绿断低吸,-3.3398821218074692,136.54,16.01,0.0,0.0,-3.6,绿断 + 低吸有分 + 竞王达标
2026-03-18,2026-03-19,301226.XSHE,祥明智能,接力低弱转2,-12.270508947246107,190.88,0.0,45.83,0.0,3.09,高开弱转强 + 昨日连板 + 竞王达标
2026-03-18,2026-03-19,603175.XSHG,超颖电子,首红断低吸,-3.1695721077654504,134.46,10.2,0.0,0.0,-1.2,首红断 + 低吸有分 + 竞王达标
2026-03-19,2026-03-20,300571.XSHE,平治信息,接力低弱转2,-8.664259927797824,214.97,0.0,36.86,0.0,2.19,高开弱转强 + 昨日连板 + 竞王达标
2026-03-19,2026-03-20,002432.XSHE,九安医疗,接力低弱转2,0.14453187730849582,181.15,0.0,27.69,0.0,3.87,高开弱转强 + 昨日连板 + 竞王达标
2026-03-19,2026-03-20,603248.XSHG,锡华科技,绿断低吸,-9.291338582677167,238.37,80.44,0.0,0.0,-1.98,绿断 + 低吸有分 + 竞王达标
2026-03-19,2026-03-20,600821.XSHG,金开新能,N字低吸,6.567164179104479,233.17,64.06,0.0,0.0,-3.83,强方向 + N字半位 + 低吸有分
2026-03-19,2026-03-20,603693.XSHG,江苏新能,首红断低吸,2.6658400495970236,211.9,3.18,0.0,0.0,-0.31,首红断 + 低吸有分 + 竞王达标
2026-03-19,2026-03-20,600683.XSHG,京投发展,绿断低吸,6.470588235294117,195.69,23.58,0.0,0.0,-4.14,绿断 + 低吸有分 + 竞王达标
2026-03-19,2026-03-20,000890.XSHE,法尔胜,绿断低吸,-2.014925373134324,177.13,14.41,0.0,0.0,-1.47,绿断 + 低吸有分 + 竞王达标
2026-03-19,2026-03-20,600545.XSHG,卓郎智能,绿断低吸,-12.064965197215772,149.22,11.61,0.0,0.0,-3.15,绿断 + 低吸有分 + 竞王达标
2026-03-20,2026-03-23,600370.XSHG,三房巷,绿断低吸,-19.14893617021276,465.9,16.05,0.0,0.0,,绿断 + 低吸有分 + 竞王达标
2026-03-20,2026-03-23,603387.XSHG,基蛋生物,绿断低吸,-11.326530612244913,372.98,143.49,0.0,0.0,-3.92,绿断 + 低吸有分 + 竞王达标
2026-03-20,2026-03-23,920010.BJSE,凯添燃气,孕线低吸,12.184249628528976,262.79,125.9,0.0,0.0,-7.17,强方向 + 孕线 + 低吸分达标
2026-03-20,2026-03-23,002565.XSHE,顺灏股份,红断低吸,-0.11764705882352233,135.89,5.69,0.0,0.0,-0.93,红断 + 低吸有分 + 竞王达标
2026-03-23,2026-03-24,603421.XSHG,鼎信通讯,N字低吸,10.564853556485353,252.07,39.58,0.0,0.0,-4.4,强方向 + N字半位 + 低吸有分
2026-03-23,2026-03-24,601218.XSHG,吉鑫科技,N字低吸,12.72189349112427,210.65,58.88,0.0,0.0,-3.84,强方向 + N字半位 + 低吸有分
2026-03-23,2026-03-24,000539.XSHE,粤电力A,红断低吸,10.784313725490202,164.45,32.8,0.0,0.0,-8.11,红断 + 低吸有分 + 竞王达标
2026-03-23,2026-03-24,600666.XSHG,奥瑞德,绿断低吸,11.627906976744185,134.81,10.78,0.0,0.0,-2.05,绿断 + 低吸有分 + 竞王达标
2026-03-24,2026-03-25,002565.XSHE,顺灏股份,接力低弱转2,-6.2969381860196405,273.7,0.0,42.99,0.0,1.94,高开弱转强 + 昨日连板 + 竞王达标
2026-03-24,2026-03-25,300345.XSHE,华民股份,接力低弱转1,-9.44386149003147,236.4,0.0,238.11,0.0,6.01,弱转强 + 昨日连板 + 竞王达标
2026-03-24,2026-03-25,300345.XSHE,华民股份,接力低弱转2,-9.44386149003147,236.4,0.0,238.11,0.0,6.01,高开弱转强 + 昨日连板 + 竞王达标
2026-03-24,2026-03-25,600617.XSHG,国新能源,红断低吸,6.913580246913598,313.51,27.89,0.0,0.0,-1.46,红断 + 低吸有分 + 竞王达标
2026-03-24,2026-03-25,000020.XSHE,深华发A,绿断低吸,-13.163064833005889,238.51,48.57,0.0,0.0,-3.05,绿断 + 低吸有分 + 竞王达标
2026-03-24,2026-03-25,600310.XSHG,广西能源,首红断低吸,10.77235772357723,120.28,8.94,0.0,0.0,-3.15,首红断 + 低吸有分 + 竞王达标
2026-03-25,2026-03-26,600982.XSHG,宁波能源,接力低弱转1,6.0317460317460325,354.92,0.0,8.38,0.0,0.48,弱转强 + 昨日连板 + 竞王达标
2026-03-25,2026-03-26,000539.XSHE,粤电力A,接力低弱转1,8.236994219653182,266.75,0.0,21.7,0.0,2.06,弱转强 + 昨日连板 + 竞王达标
2026-03-25,2026-03-26,000539.XSHE,粤电力A,接力低弱转2,8.236994219653182,266.75,0.0,21.7,0.0,2.06,高开弱转强 + 昨日连板 + 竞王达标
2026-03-25,2026-03-26,600821.XSHG,金开新能,接力低弱转1,-8.581436077057802,245.0,0.0,72.26,0.0,3.16,弱转强 + 昨日连板 + 竞王达标
2026-03-25,2026-03-26,600821.XSHG,金开新能,接力低弱转2,-8.581436077057802,245.0,0.0,72.26,0.0,3.16,高开弱转强 + 昨日连板 + 竞王达标
2026-03-25,2026-03-26,002316.XSHE,亚联发展,接力低弱转1,1.2987012987013102,240.75,0.0,45.35,0.0,3.65,弱转强 + 昨日连板 + 竞王达标
2026-03-25,2026-03-26,002316.XSHE,亚联发展,接力低弱转2,1.2987012987013102,240.75,0.0,45.35,0.0,3.65,高开弱转强 + 昨日连板 + 竞王达标
2026-03-25,2026-03-26,600149.XSHG,廊坊发展,首红断低吸,2.743902439024404,289.25,17.24,0.0,0.0,-0.91,首红断 + 低吸有分 + 竞王达标
2026-03-25,2026-03-26,600844.XSHG,金煤科技,首红断低吸,16.41025641025642,221.72,67.54,0.0,0.0,-5.34,首红断 + 低吸有分 + 竞王达标
2026-03-25,2026-03-26,001258.XSHE,立新能源,首红断低吸,-0.27573529411766273,211.52,33.61,0.0,0.0,-3.97,首红断 + 低吸有分 + 竞王达标
2026-03-25,2026-03-26,603105.XSHG,芯能科技,首红断低吸,2.3346303501945664,192.24,37.86,0.0,0.0,-3.82,首红断 + 低吸有分 + 竞王达标
2026-03-26,2026-03-27,000993.XSHE,闽东电力,接力低弱转1,-0.12277470841006721,451.4,0.0,72.86,0.0,3.76,弱转强 + 昨日连板 + 竞王达标
2026-03-26,2026-03-27,000993.XSHE,闽东电力,接力低弱转2,-0.12277470841006721,451.4,0.0,72.86,0.0,3.76,高开弱转强 + 昨日连板 + 竞王达标
2026-03-26,2026-03-27,600158.XSHG,中体产业,接力低弱转1,-8.234295415959247,377.2,0.0,72.98,0.0,4.9,弱转强 + 昨日连板 + 竞王达标
2026-03-26,2026-03-27,600158.XSHG,中体产业,接力低弱转2,-8.234295415959247,377.2,0.0,72.98,0.0,4.9,高开弱转强 + 昨日连板 + 竞王达标
2026-03-26,2026-03-27,300335.XSHE,迪森股份,首红断低吸,0.35335689045936647,213.34,45.73,0.0,0.0,-2.3,首红断 + 低吸有分 + 竞王达标
2026-03-26,2026-03-27,000509.XSHE,华塑控股,首红断低吸,-6.550218340611346,174.29,2.77,0.0,0.0,-0.22,首红断 + 低吸有分 + 竞王达标
2026-03-26,2026-03-27,002218.XSHE,拓日新能,绿断低吸,-8.630136986301373,162.06,4.87,0.0,0.0,,绿断 + 低吸有分 + 竞王达标
2026-03-26,2026-03-27,002428.XSHE,云南锗业,首红断低吸,6.556016597510372,158.04,2.67,0.0,0.0,-0.47,首红断 + 低吸有分 + 竞王达标
2026-03-26,2026-03-27,603759.XSHG,海天股份,首红断低吸,-2.7477919528949846,137.64,9.4,0.0,0.0,-3.5,首红断 + 低吸有分 + 竞王达标
2026-03-26,2026-03-27,002445.XSHE,中南文化,首红断低吸,5.714285714285716,122.91,5.92,0.0,0.0,-1.64,首红断 + 低吸有分 + 竞王达标
2026-03-27,2026-03-30,000968.XSHE,蓝焰控股,接力低弱转1,-2.2321428571428603,327.28,0.0,31.94,0.0,2.47,弱转强 + 昨日连板 + 竞王达标
2026-03-27,2026-03-30,000968.XSHE,蓝焰控股,接力低弱转2,-2.2321428571428603,327.28,0.0,31.94,0.0,2.47,高开弱转强 + 昨日连板 + 竞王达标
2026-03-27,2026-03-30,600758.XSHG,辽宁能源,红断低吸,-9.94575045207956,367.3,482.61,0.0,0.0,-9.93,红断 + 低吸有分 + 竞王达标
2026-03-27,2026-03-30,600758.XSHG,辽宁能源,孕线低吸,-9.94575045207956,367.3,482.61,0.0,0.0,-9.93,强方向 + 孕线 + 低吸分达标
2026-03-27,2026-03-30,605299.XSHG,舒华体育,绿断低吸,13.991769547325106,315.45,55.07,0.0,0.0,-2.8,绿断 + 低吸有分 + 竞王达标
2026-03-27,2026-03-30,600815.XSHG,厦工股份,N字低吸,5.707196029776673,264.41,55.01,0.0,0.0,-4.05,强方向 + N字半位 + 低吸有分
2026-03-27,2026-03-30,600666.XSHG,奥瑞德,绿断低吸,17.29323308270676,264.01,123.66,0.0,0.0,-3.8,绿断 + 低吸有分 + 竞王达标
2026-03-27,2026-03-30,002309.XSHE,中利集团,绿断低吸,5.077262693156714,244.03,107.43,0.0,0.0,-4.43,绿断 + 低吸有分 + 竞王达标
2026-03-27,2026-03-30,002771.XSHE,真视通,绿断低吸,2.059357964869779,200.07,4.89,0.0,0.0,-0.48,绿断 + 低吸有分 + 竞王达标
2026-03-27,2026-03-30,002491.XSHE,通鼎互联,绿断低吸,8.675373134328357,164.49,7.97,0.0,0.0,-1.29,绿断 + 低吸有分 + 竞王达标
2026-03-27,2026-03-30,600527.XSHG,江南高纤,红断低吸,1.1673151750972943,154.66,1.75,0.0,0.0,-0.39,红断 + 低吸有分 + 竞王达标
2026-03-27,2026-03-30,301196.XSHE,唯科科技,首红断低吸,-6.061974884813437,148.13,11.71,0.0,0.0,-3.12,首红断 + 低吸有分 + 竞王达标
2026-03-27,2026-03-30,603808.XSHG,歌力思,红断低吸,-3.1481481481481444,132.6,1.25,0.0,0.0,,红断 + 低吸有分 + 竞王达标
2026-03-27,2026-03-30,002580.XSHE,圣阳股份,首红断低吸,2.562459961563124,119.61,4.94,0.0,0.0,-1.2,首红断 + 低吸有分 + 竞王达标
2026-03-27,2026-03-30,603629.XSHG,利通电子,首红断低吸,-1.2730061349693234,116.69,3.0,0.0,0.0,-1.29,首红断 + 低吸有分 + 竞王达标
2026-03-30,2026-03-31,000155.XSHE,川能动力,接力低弱转2,-3.876438522107828,193.71,0.0,16.6,0.0,2.17,高开弱转强 + 昨日连板 + 竞王达标
2026-03-30,2026-03-31,000692.XSHE,惠天热电,N字低吸,8.043478260869573,448.65,282.94,0.0,0.0,-5.35,强方向 + N字半位 + 低吸有分
2026-03-30,2026-03-31,603687.XSHG,大胜达,N字低吸,3.6882393876130903,338.77,210.82,0.0,0.0,-8.06,强方向 + N字半位 + 低吸有分
2026-03-30,2026-03-31,600163.XSHG,中闽能源,绿断低吸,0.263157894736854,264.77,31.46,0.0,0.0,-2.94,绿断 + 低吸有分 + 竞王达标
2026-03-30,2026-03-31,600800.XSHG,渤海化学,绿断低吸,-6.958250497017904,231.44,13.59,0.0,0.0,-1.57,绿断 + 低吸有分 + 竞王达标
2026-03-30,2026-03-31,601908.XSHG,京运通,N字低吸,5.696202531645556,222.36,20.3,0.0,0.0,-2.07,强方向 + N字半位 + 低吸有分
2026-03-30,2026-03-31,300209.XSHE,行云科技,N字低吸,-0.5964214711729698,205.2,8.9,0.0,0.0,-1.47,强方向 + N字半位 + 低吸有分
2026-03-30,2026-03-31,603520.XSHG,司太立,首红断低吸,1.6037735849056656,148.45,10.23,0.0,0.0,-2.75,首红断 + 低吸有分 + 竞王达标
2026-03-30,2026-03-31,002902.XSHE,铭普光磁,绿断低吸,-3.1469825990373956,121.91,26.2,0.0,0.0,-3.33,绿断 + 低吸有分 + 竞王达标
2026-03-31,2026-04-01,000639.XSHE,西王食品,N字低吸,-10.71428571428571,1112.03,486.61,0.0,0.0,-2.78,强方向 + N字半位 + 低吸有分
2026-03-31,2026-04-01,000767.XSHE,晋控电力,绿断低吸,-5.339805825242728,750.93,801.55,0.0,0.0,-10.04,绿断 + 低吸有分 + 竞王达标
2026-03-31,2026-04-01,000720.XSHE,新能泰山,绿断低吸,6.739130434782625,300.26,172.69,0.0,0.0,-7.26,绿断 + 低吸有分 + 竞王达标
2026-03-31,2026-04-01,600844.XSHG,金煤科技,绿断低吸,-13.267326732673268,214.18,49.25,0.0,0.0,-2.88,绿断 + 低吸有分 + 竞王达标
2026-03-31,2026-04-01,001896.XSHE,豫能控股,N字低吸,-2.189265536723173,210.29,30.69,0.0,0.0,-4.9,强方向 + N字半位 + 低吸有分
2026-03-31,2026-04-01,600982.XSHG,宁波能源,N字低吸,-10.967741935483877,206.29,43.87,0.0,0.0,-6.34,强方向 + N字半位 + 低吸有分
2026-03-31,2026-04-01,002428.XSHE,云南锗业,首红断低吸,-4.038461538461546,182.18,3.97,0.0,0.0,-0.67,首红断 + 低吸有分 + 竞王达标
2026-03-31,2026-04-01,002470.XSHE,金正大,首红断低吸,-5.079365079365072,156.47,11.89,0.0,0.0,-2.17,首红断 + 低吸有分 + 竞王达标
2026-03-31,2026-04-01,603387.XSHG,基蛋生物,首红断低吸,4.72906403940887,152.97,2.34,0.0,0.0,-0.59,首红断 + 低吸有分 + 竞王达标
2026-03-31,2026-04-01,002263.XSHE,大东南,绿断低吸,6.172839506172845,144.95,7.94,0.0,0.0,-1.22,绿断 + 低吸有分 + 竞王达标
2026-03-31,2026-04-01,000546.XSHE,金圆股份,首红断低吸,-5.067064083457529,144.51,8.47,0.0,0.0,-1.76,首红断 + 低吸有分 + 竞王达标
2026-04-01,2026-04-02,000070.XSHE,特发信息,接力低弱转1,7.611111111111124,309.3,0.0,18.66,0.0,1.12,弱转强 + 昨日连板 + 竞王达标
2026-04-01,2026-04-02,000070.XSHE,特发信息,接力低弱转2,7.611111111111124,309.3,0.0,18.66,0.0,1.12,高开弱转强 + 昨日连板 + 竞王达标
2026-04-01,2026-04-02,000890.XSHE,法尔胜,红断低吸,5.437665782493362,235.5,40.05,0.0,0.0,-2.27,红断 + 低吸有分 + 竞王达标
2026-04-01,2026-04-02,000753.XSHE,漳州发展,首红断低吸,-0.5434782608695676,209.9,3.12,0.0,0.0,,首红断 + 低吸有分 + 竞王达标
2026-04-01,2026-04-02,002309.XSHE,中利集团,首红断低吸,5.063291139240511,197.21,71.81,0.0,0.0,-4.05,首红断 + 低吸有分 + 竞王达标
2026-04-01,2026-04-02,600513.XSHG,联环药业,红断低吸,9.978540772532195,170.14,3.29,0.0,0.0,,红断 + 低吸有分 + 竞王达标
2026-04-01,2026-04-02,603122.XSHG,合富中国,首红断低吸,10.070671378091877,164.22,12.79,0.0,0.0,-2.19,首红断 + 低吸有分 + 竞王达标
2026-04-01,2026-04-02,603601.XSHG,再升科技,首红断低吸,-8.973531310522919,157.79,5.44,0.0,0.0,,首红断 + 低吸有分 + 竞王达标
2026-04-02,2026-04-03,301188.XSHE,力诺药包,接力低弱转1,1.1446886446886406,345.6,0.0,146.22,0.0,6.8,弱转强 + 昨日连板 + 竞王达标
2026-04-02,2026-04-03,301188.XSHE,力诺药包,接力低弱转2,1.1446886446886406,345.6,0.0,146.22,0.0,6.8,高开弱转强 + 昨日连板 + 竞王达标
2026-04-02,2026-04-03,600502.XSHG,安徽建工,绿断低吸,-3.130755064456725,405.27,68.04,0.0,0.0,-2.16,绿断 + 低吸有分 + 竞王达标
2026-04-02,2026-04-03,000008.XSHE,神州高铁,绿断低吸,-13.271604938271608,392.78,37.49,0.0,0.0,-0.92,绿断 + 低吸有分 + 竞王达标
2026-04-02,2026-04-03,301008.XSHE,宏昌科技,绿断低吸,-2.0688052068805196,294.43,92.24,0.0,0.0,-3.46,绿断 + 低吸有分 + 竞王达标
2026-04-02,2026-04-03,301658.XSHE,首航新能,N字低吸,-10.930383864671434,285.14,57.36,0.0,0.0,-2.37,强方向 + N字半位 + 低吸有分
2026-04-02,2026-04-03,002634.XSHE,棒杰股份,红断低吸,1.650165016501659,162.66,3.47,0.0,0.0,-0.87,红断 + 低吸有分 + 竞王达标
2026-04-02,2026-04-03,002788.XSHE,鹭燕医药,首红断低吸,9.888059701492558,133.11,22.15,0.0,0.0,-3.71,首红断 + 低吸有分 + 竞王达标
2026-04-02,2026-04-03,000008.XSHE,神州高铁,方向内绿盘低吸前3名,-13.271604938271608,392.78,37.49,0.0,0.0,-0.92,方向内低吸排名1 + 绿断 + 低吸有分
2026-04-03,2026-04-07,603222.XSHG,济民健康,接力低弱转1,10.05859375,487.12,0.0,17.13,0.0,0.89,弱转强 + 昨日连板 + 竞王达标
2026-04-03,2026-04-07,002038.XSHE,双鹭药业,接力低弱转1,0.0,387.22,0.0,14.97,0.0,0.58,弱转强 + 昨日连板 + 竞王达标
2026-04-03,2026-04-07,301188.XSHE,力诺药包,首红断低吸,-8.138528138528144,252.93,33.17,0.0,0.0,-2.08,首红断 + 低吸有分 + 竞王达标
2026-04-03,2026-04-07,300149.XSHE,睿智医药,首红断低吸,-2.181208053691275,167.55,53.4,0.0,0.0,-6.44,首红断 + 低吸有分 + 竞王达标
2026-04-03,2026-04-07,603727.XSHG,博迈科,首红断低吸,-0.4784688995215225,145.75,1.57,0.0,0.0,-0.52,首红断 + 低吸有分 + 竞王达标
2026-04-03,2026-04-07,002940.XSHE,昂利康,首红断低吸,-3.5428571428571476,131.98,18.58,0.0,0.0,-4.08,首红断 + 低吸有分 + 竞王达标
2026-04-07,2026-04-08,605299.XSHG,舒华体育,N字低吸,13.284518828451874,601.58,449.96,0.0,0.0,-8.78,强方向 + N字半位 + 低吸有分
2026-04-07,2026-04-08,605162.XSHG,新中港,绿断低吸,21.032056293979686,517.51,23.74,0.0,0.0,,绿断 + 低吸有分 + 竞王达标
2026-04-07,2026-04-08,002560.XSHE,通达股份,绿断低吸,8.226837060702884,359.01,50.87,0.0,0.0,-0.79,绿断 + 低吸有分 + 竞王达标
2026-04-07,2026-04-08,603017.XSHG,中衡设计,N字低吸,2.3477622890682115,276.98,68.0,0.0,0.0,-6.26,强方向 + N字半位 + 低吸有分
2026-04-07,2026-04-08,002902.XSHE,铭普光磁,N字低吸,9.876543209876543,271.72,26.37,0.0,0.0,-1.0,强方向 + N字半位 + 低吸有分
2026-04-07,2026-04-08,000788.XSHE,北大医药,绿断低吸,-7.768361581920901,264.12,19.29,0.0,0.0,-0.7,绿断 + 低吸有分 + 竞王达标
2026-04-07,2026-04-08,600249.XSHG,两面针,N字低吸,4.92610837438423,240.03,43.12,0.0,0.0,-5.29,强方向 + N字半位 + 低吸有分
2026-04-07,2026-04-08,300834.XSHE,星辉环材,绿断低吸,-0.4862953138815129,203.45,26.85,0.0,0.0,-3.17,绿断 + 低吸有分 + 竞王达标
2026-04-07,2026-04-08,002038.XSHE,双鹭药业,首红断低吸,-8.796296296296301,162.14,27.78,0.0,0.0,-3.79,首红断 + 低吸有分 + 竞王达标
2026-04-08,2026-04-09,002840.XSHE,华统股份,接力低弱转2,-1.6666666666666607,219.75,0.0,17.45,0.0,2.01,高开弱转强 + 昨日连板 + 竞王达标
2026-04-08,2026-04-09,600791.XSHG,京能置业,接力低弱转2,10.08130081300811,156.85,0.0,26.83,0.0,4.33,高开弱转强 + 昨日连板 + 竞王达标
2026-04-08,2026-04-09,002490.XSHE,山东墨龙,孕线低吸,6.538895152198432,622.19,545.37,0.0,0.0,-9.95,强方向 + 孕线 + 低吸分达标
2026-04-08,2026-04-09,300164.XSHE,通源石油,孕线低吸,3.015075376884413,545.82,761.75,0.0,0.0,-11.39,强方向 + 孕线 + 低吸分达标
2026-04-08,2026-04-09,600844.XSHG,金煤科技,孕线低吸,0.5167958656330685,527.69,552.96,0.0,0.0,-9.37,强方向 + 孕线 + 低吸分达标
2026-04-08,2026-04-09,300839.XSHE,博汇股份,N字低吸,3.5010940919037115,368.3,53.12,0.0,0.0,-2.77,强方向 + N字半位 + 低吸有分
2026-04-08,2026-04-09,002455.XSHE,百川股份,N字低吸,0.2307692307692344,219.04,33.78,0.0,0.0,-3.42,强方向 + N字半位 + 低吸有分
2026-04-08,2026-04-09,301292.XSHE,海科新源,N字低吸,-4.223032584401842,204.13,8.14,0.0,0.0,-1.11,强方向 + N字半位 + 低吸有分
2026-04-08,2026-04-09,688146.XSHG,中船特气,首红断低吸,8.899829577731477,170.33,5.78,0.0,0.0,-0.86,首红断 + 低吸有分 + 竞王达标
2026-04-08,2026-04-09,000950.XSHE,重药控股,绿断低吸,-10.404624277456643,153.33,13.65,0.0,0.0,-3.08,绿断 + 低吸有分 + 竞王达标
2026-04-09,2026-04-10,002342.XSHE,巨力索具,接力低弱转1,6.896551724137923,435.94,0.0,41.94,0.0,2.33,弱转强 + 昨日连板 + 竞王达标
2026-04-09,2026-04-10,002342.XSHE,巨力索具,接力低弱转2,6.896551724137923,435.94,0.0,41.94,0.0,2.33,高开弱转强 + 昨日连板 + 竞王达标
2026-04-09,2026-04-10,002929.XSHE,润建股份,接力低弱转2,-3.949564249953652,198.64,0.0,26.61,0.0,3.39,高开弱转强 + 昨日连板 + 竞王达标
2026-04-09,2026-04-10,600488.XSHG,津药药业,绿断低吸,-10.209790209790215,488.59,191.22,0.0,0.0,-2.85,绿断 + 低吸有分 + 竞王达标
2026-04-09,2026-04-10,000720.XSHE,新能泰山,绿断低吸,-16.46153846153846,273.06,84.29,0.0,0.0,-2.99,绿断 + 低吸有分 + 竞王达标
2026-04-09,2026-04-10,603687.XSHG,大胜达,首红断低吸,-0.7104795737122638,238.95,34.11,0.0,0.0,-2.71,首红断 + 低吸有分 + 竞王达标
2026-04-09,2026-04-10,603327.XSHG,福蓉科技,首红断低吸,0.10162601626015899,175.89,19.16,0.0,0.0,-4.37,首红断 + 低吸有分 + 竞王达标
2026-04-09,2026-04-10,603123.XSHG,翠微股份,红断低吸,2.4114544084400835,160.13,2.53,0.0,0.0,-0.45,红断 + 低吸有分 + 竞王达标
2026-04-09,2026-04-10,000890.XSHE,法尔胜,首红断低吸,-7.667316439246264,158.77,26.14,0.0,0.0,-3.02,首红断 + 低吸有分 + 竞王达标
2026-04-10,2026-04-13,002947.XSHE,恒铭达,接力低弱转1,-1.6860465116279033,268.05,0.0,69.3,0.0,5.3,弱转强 + 昨日连板 + 竞王达标
2026-04-10,2026-04-13,002947.XSHE,恒铭达,接力低弱转2,-1.6860465116279033,268.05,0.0,69.3,0.0,5.3,高开弱转强 + 昨日连板 + 竞王达标
2026-04-10,2026-04-13,002281.XSHE,光迅科技,接力低弱转2,1.799140708915159,195.2,0.0,25.91,0.0,3.36,高开弱转强 + 昨日连板 + 竞王达标
2026-04-10,2026-04-13,002636.XSHE,金安国纪,接力低弱转2,-3.9622146418262894,191.36,0.0,18.66,0.0,2.47,高开弱转强 + 昨日连板 + 竞王达标
2026-04-10,2026-04-13,000919.XSHE,金陵药业,绿断低吸,-10.82410824108242,449.66,341.47,0.0,0.0,-5.24,绿断 + 低吸有分 + 竞王达标
2026-04-10,2026-04-13,002051.XSHE,中工国际,绿断低吸,-14.43478260869565,336.2,11.5,0.0,0.0,,绿断 + 低吸有分 + 竞王达标
2026-04-10,2026-04-13,603315.XSHG,福鞍股份,首红断低吸,0.2636783124588149,191.42,3.18,0.0,0.0,-0.07,首红断 + 低吸有分 + 竞王达标
2026-04-10,2026-04-13,600654.XSHG,中安科,绿断低吸,0.22321428571427937,189.09,5.67,0.0,0.0,,绿断 + 低吸有分 + 竞王达标
2026-04-10,2026-04-13,002491.XSHE,通鼎互联,红断低吸,-4.3870967741935445,136.8,26.06,0.0,0.0,-3.97,红断 + 低吸有分 + 竞王达标
2026-04-13,2026-04-14,000890.XSHE,法尔胜,N字低吸,-7.633587786259543,491.22,383.87,0.0,0.0,-7.81,强方向 + N字半位 + 低吸有分
2026-04-13,2026-04-14,600337.XSHG,美克家居,首红断低吸,12.671232876712324,292.02,7.08,0.0,0.0,-0.34,首红断 + 低吸有分 + 竞王达标
2026-04-13,2026-04-14,600666.XSHG,奥瑞德,N字低吸,7.820299500831962,257.9,79.87,0.0,0.0,-4.6,强方向 + N字半位 + 低吸有分
2026-04-13,2026-04-14,605189.XSHG,富春染织,首红断低吸,4.278728606356963,229.27,21.25,0.0,0.0,-2.68,首红断 + 低吸有分 + 竞王达标
2026-04-13,2026-04-14,002902.XSHE,铭普光磁,N字低吸,10.145454545454546,212.0,25.64,0.0,0.0,-2.03,强方向 + N字半位 + 低吸有分
2026-04-13,2026-04-14,002213.XSHE,大为股份,红断低吸,16.416997859981652,138.76,23.53,0.0,0.0,-3.42,红断 + 低吸有分 + 竞王达标
2026-04-14,2026-04-15,002467.XSHE,二六三,接力低弱转1,-3.2953105196451227,436.51,0.0,8.64,0.0,0.25,弱转强 + 昨日连板 + 竞王达标
2026-04-14,2026-04-15,601908.XSHG,京运通,接力低弱转1,-4.793028322440085,269.91,0.0,4.69,0.0,0.44,弱转强 + 昨日连板 + 竞王达标
2026-04-14,2026-04-15,600527.XSHG,江南高纤,接力低弱转2,-5.633802816901401,222.33,0.0,9.4,0.0,1.07,高开弱转强 + 昨日连板 + 竞王达标
2026-04-14,2026-04-15,000988.XSHE,华工科技,孕线低吸,-6.4166666666666705,422.28,104.08,0.0,0.0,-4.12,强方向 + 孕线 + 低吸分达标
2026-04-14,2026-04-15,000889.XSHE,中嘉博创,绿断低吸,21.850899742930597,395.77,32.59,0.0,0.0,-0.77,绿断 + 低吸有分 + 竞王达标
2026-04-14,2026-04-15,000586.XSHE,汇源通信,孕线低吸,5.671352399418339,341.62,204.87,0.0,0.0,-4.49,强方向 + 孕线 + 低吸分达标
2026-04-14,2026-04-15,000890.XSHE,法尔胜,N字低吸,2.079999999999993,309.82,80.33,0.0,0.0,-4.94,强方向 + N字半位 + 低吸有分
2026-04-14,2026-04-15,002962.XSHE,五方光电,红断低吸,2.4390243902439046,198.68,11.67,0.0,0.0,-1.09,红断 + 低吸有分 + 竞王达标
2026-04-14,2026-04-15,603777.XSHG,来伊份,绿断低吸,-2.2485207100591653,187.64,3.97,0.0,0.0,,绿断 + 低吸有分 + 竞王达标
2026-04-14,2026-04-15,002263.XSHE,大东南,首红断低吸,-4.276985743380857,126.01,9.21,0.0,0.0,-1.6,首红断 + 低吸有分 + 竞王达标
2026-04-15,2026-04-16,002314.XSHE,南山控股,接力低弱转1,-4.3636363636363695,371.84,0.0,5.29,0.0,0.36,弱转强 + 昨日连板 + 竞王达标
2026-04-15,2026-04-16,002051.XSHE,中工国际,接力低弱转1,1.7559262510974394,342.1,0.0,73.21,0.0,5.27,弱转强 + 昨日连板 + 竞王达标
2026-04-15,2026-04-16,002051.XSHE,中工国际,接力低弱转2,1.7559262510974394,342.1,0.0,73.21,0.0,5.27,高开弱转强 + 昨日连板 + 竞王达标
2026-04-15,2026-04-16,002149.XSHE,西部材料,接力低弱转1,3.1538461538461515,305.16,0.0,53.81,0.0,4.0,弱转强 + 昨日连板 + 竞王达标
2026-04-15,2026-04-16,002149.XSHE,西部材料,接力低弱转2,3.1538461538461515,305.16,0.0,53.81,0.0,4.0,高开弱转强 + 昨日连板 + 竞王达标
2026-04-15,2026-04-16,002157.XSHE,正邦科技,接力低弱转2,-3.3898305084745783,213.67,0.0,12.08,0.0,1.43,高开弱转强 + 昨日连板 + 竞王达标
2026-04-15,2026-04-16,000967.XSHE,盈峰环境,接力低弱转2,7.307060755336625,203.67,0.0,33.71,0.0,4.19,高开弱转强 + 昨日连板 + 竞王达标
2026-04-15,2026-04-16,002828.XSHE,贝肯能源,N字低吸,-3.46774193548387,200.8,12.37,0.0,0.0,-1.98,强方向 + N字半位 + 低吸有分
2026-04-15,2026-04-16,000402.XSHE,金融街,绿断低吸,-5.333333333333334,196.26,10.69,0.0,0.0,-1.96,绿断 + 低吸有分 + 竞王达标
2026-04-15,2026-04-16,600654.XSHG,中安科,首红断低吸,4.0000000000000036,159.1,3.38,0.0,0.0,-0.44,首红断 + 低吸有分 + 竞王达标
2026-04-15,2026-04-16,002418.XSHE,康盛股份,绿断低吸,-6.010016694490828,132.72,11.43,0.0,0.0,-1.8,绿断 + 低吸有分 + 竞王达标
2026-04-15,2026-04-16,600337.XSHG,美克家居,首红断低吸,5.504587155963314,127.06,1.66,0.0,0.0,-0.61,首红断 + 低吸有分 + 竞王达标
2026-04-16,2026-04-17,000788.XSHE,北大医药,接力低弱转1,-5.21739130434783,343.6,0.0,38.88,0.0,1.92,弱转强 + 昨日连板 + 竞王达标
2026-04-16,2026-04-17,000788.XSHE,北大医药,接力低弱转2,-5.21739130434783,343.6,0.0,38.88,0.0,1.92,高开弱转强 + 昨日连板 + 竞王达标
2026-04-16,2026-04-17,301408.XSHE,华人健康,接力低弱转1,-4.804521902967496,266.36,0.0,71.34,0.0,2.17,弱转强 + 昨日连板 + 竞王达标
2026-04-16,2026-04-17,301408.XSHE,华人健康,接力低弱转2,-4.804521902967496,266.36,0.0,71.34,0.0,2.17,高开弱转强 + 昨日连板 + 竞王达标
2026-04-16,2026-04-17,600743.XSHG,华远控股,绿断低吸,-5.614035087719305,654.03,123.84,0.0,0.0,-1.38,绿断 + 低吸有分 + 竞王达标
2026-04-16,2026-04-17,001299.XSHE,美能能源,绿断低吸,-7.008760951188997,294.87,70.65,0.0,0.0,-4.25,绿断 + 低吸有分 + 竞王达标
2026-04-16,2026-04-17,002328.XSHE,新朋股份,首红断低吸,4.0000000000000036,266.19,15.48,0.0,0.0,,首红断 + 低吸有分 + 竞王达标
2026-04-16,2026-04-17,600152.XSHG,维科技术,绿断低吸,16.806722689075638,206.29,23.24,0.0,0.0,-1.41,绿断 + 低吸有分 + 竞王达标
2026-04-16,2026-04-17,002149.XSHE,西部材料,首红断低吸,3.3182503770738947,170.4,9.58,0.0,0.0,-1.14,首红断 + 低吸有分 + 竞王达标
2026-04-17,2026-04-20,600749.XSHG,西藏旅游,接力低弱转1,1.4499999999999957,396.31,0.0,7.26,0.0,0.35,弱转强 + 昨日连板 + 竞王达标
2026-04-17,2026-04-20,300736.XSHE,百邦科技,接力低弱转1,10.549717057396935,322.06,0.0,105.61,0.0,4.04,弱转强 + 昨日连板 + 竞王达标
2026-04-17,2026-04-20,300736.XSHE,百邦科技,接力低弱转2,10.549717057396935,322.06,0.0,105.61,0.0,4.04,高开弱转强 + 昨日连板 + 竞王达标
2026-04-17,2026-04-20,603220.XSHG,中贝通信,接力低弱转2,-5.159705159705174,193.73,0.0,23.7,0.0,1.97,高开弱转强 + 昨日连板 + 竞王达标
2026-04-17,2026-04-20,600664.XSHG,哈药股份,绿断低吸,0.7058823529411784,533.86,256.24,0.0,0.0,-3.41,绿断 + 低吸有分 + 竞王达标
2026-04-17,2026-04-20,603815.XSHG,交建股份,首红断低吸,-0.31007751937984773,218.49,25.4,0.0,0.0,-3.59,首红断 + 低吸有分 + 竞王达标
2026-04-17,2026-04-20,000889.XSHE,中嘉博创,红断低吸,5.97938144329897,193.56,47.61,0.0,0.0,-3.0,红断 + 低吸有分 + 竞王达标
2026-04-17,2026-04-20,002124.XSHE,天邦食品,绿断低吸,8.896797153024917,173.3,32.61,0.0,0.0,-4.1,绿断 + 低吸有分 + 竞王达标
2026-04-17,2026-04-20,301189.XSHE,奥尼电子,绿断低吸,10.647073988141287,158.88,24.95,0.0,0.0,-5.21,绿断 + 低吸有分 + 竞王达标
2026-04-20,2026-04-21,600152.XSHG,维科技术,接力低弱转1,-9.084556254367582,349.41,0.0,68.81,0.0,2.95,弱转强 + 昨日连板 + 竞王达标
2026-04-20,2026-04-21,600152.XSHG,维科技术,接力低弱转2,-9.084556254367582,349.41,0.0,68.81,0.0,2.95,高开弱转强 + 昨日连板 + 竞王达标
2026-04-20,2026-04-21,002796.XSHE,世嘉科技,接力低弱转1,-3.3760387811634263,253.96,0.0,88.54,0.0,8.27,弱转强 + 昨日连板 + 竞王达标
2026-04-20,2026-04-21,002796.XSHE,世嘉科技,接力低弱转2,-3.3760387811634263,253.96,0.0,88.54,0.0,8.27,高开弱转强 + 昨日连板 + 竞王达标
2026-04-20,2026-04-21,002547.XSHE,春兴精工,接力低弱转2,-2.865329512893988,206.41,0.0,11.82,0.0,1.45,高开弱转强 + 昨日连板 + 竞王达标
2026-04-20,2026-04-21,603322.XSHG,超讯通信,首红断低吸,-5.310915398985861,205.47,15.6,0.0,0.0,-1.63,首红断 + 低吸有分 + 竞王达标
2026-04-20,2026-04-21,300027.XSHE,华谊兄弟,首红断低吸,-5.9113300492610765,197.66,27.33,0.0,0.0,-2.87,首红断 + 低吸有分 + 竞王达标
2026-04-20,2026-04-21,603906.XSHG,龙蟠科技,首红断低吸,0.38580246913579863,163.67,3.13,0.0,0.0,-0.27,首红断 + 低吸有分 + 竞王达标
2026-04-20,2026-04-21,600768.XSHG,宁波富邦,首红断低吸,-2.2547914317925466,148.58,2.02,0.0,0.0,-0.5,首红断 + 低吸有分 + 竞王达标
2026-04-21,2026-04-22,002580.XSHE,圣阳股份,绿断低吸,-10.602006688963206,920.09,1620.09,0.0,0.0,-9.39,绿断 + 低吸有分 + 竞王达标
2026-04-21,2026-04-22,920526.BJSE,凯华材料,首红断低吸,-7.801418439716312,340.36,13.74,0.0,0.0,-0.25,首红断 + 低吸有分 + 竞王达标
2026-04-21,2026-04-22,002802.XSHE,洪汇新材,绿断低吸,2.1335168616655187,291.05,176.29,0.0,0.0,-7.39,绿断 + 低吸有分 + 竞王达标
2026-04-21,2026-04-22,000546.XSHE,金圆股份,N字低吸,1.0574018126888296,276.75,25.59,0.0,0.0,-2.36,强方向 + N字半位 + 低吸有分
2026-04-21,2026-04-22,605388.XSHG,均瑶健康,红断低吸,-2.784503631961266,220.82,4.37,0.0,0.0,-0.6,红断 + 低吸有分 + 竞王达标
2026-04-21,2026-04-22,600727.XSHG,鲁北化工,首红断低吸,1.4102564102564052,184.55,2.66,0.0,0.0,,首红断 + 低吸有分 + 竞王达标
2026-04-21,2026-04-22,603315.XSHG,福鞍股份,绿断低吸,2.7793862188766782,179.92,12.16,0.0,0.0,-1.87,绿断 + 低吸有分 + 竞王达标
2026-04-21,2026-04-22,002990.XSHE,盛视科技,绿断低吸,-0.716039279869074,176.94,5.38,0.0,0.0,-0.24,绿断 + 低吸有分 + 竞王达标
2026-04-21,2026-04-22,603278.XSHG,大业股份,首红断低吸,4.05844155844155,157.95,14.7,0.0,0.0,-2.61,首红断 + 低吸有分 + 竞王达标
2026-04-21,2026-04-22,002108.XSHE,沧州明珠,首红断低吸,7.9365079365079305,155.29,17.15,0.0,0.0,-2.74,首红断 + 低吸有分 + 竞王达标
2026-04-21,2026-04-22,000936.XSHE,华西股份,首红断低吸,1.081730769230771,132.87,1.25,0.0,0.0,-0.24,首红断 + 低吸有分 + 竞王达标
2026-04-21,2026-04-22,603738.XSHG,泰晶科技,首红断低吸,12.977099236641232,132.37,1.64,0.0,0.0,-0.25,首红断 + 低吸有分 + 竞王达标
2026-04-21,2026-04-22,002940.XSHE,昂利康,绿断低吸,1.2471366759989833,116.98,6.24,0.0,0.0,-1.28,绿断 + 低吸有分 + 竞王达标
2026-04-22,2026-04-23,600156.XSHG,华升股份,绿断低吸,5.240641711229954,936.3,1292.02,0.0,0.0,-4.49,绿断 + 低吸有分 + 竞王达标
2026-04-22,2026-04-23,603778.XSHG,国晟科技,首红断低吸,1.685823754789273,795.91,1286.1,0.0,0.0,-10.0,首红断 + 低吸有分 + 竞王达标
2026-04-22,2026-04-23,603778.XSHG,国晟科技,孕线低吸,1.685823754789273,795.91,1286.1,0.0,0.0,-10.0,强方向 + 孕线 + 低吸分达标
2026-04-22,2026-04-23,000404.XSHE,长虹华意,首红断低吸,9.367088607594942,253.14,5.71,0.0,0.0,-0.63,首红断 + 低吸有分 + 竞王达标
2026-04-22,2026-04-23,002560.XSHE,通达股份,N字低吸,2.1474588403722183,252.34,43.71,0.0,0.0,-1.48,强方向 + N字半位 + 低吸有分
2026-04-22,2026-04-23,002418.XSHE,康盛股份,绿断低吸,9.045226130653262,246.56,63.71,0.0,0.0,-2.61,绿断 + 低吸有分 + 竞王达标
2026-04-22,2026-04-23,600118.XSHG,中国卫星,首红断低吸,8.614631029709297,246.44,54.0,0.0,0.0,-6.28,首红断 + 低吸有分 + 竞王达标
2026-04-22,2026-04-23,001366.XSHE,播恩集团,首红断低吸,-3.8461538461538436,210.22,3.5,0.0,0.0,-0.4,首红断 + 低吸有分 + 竞王达标
2026-04-22,2026-04-23,600330.XSHG,天通股份,绿断低吸,9.168443496801725,181.48,5.63,0.0,0.0,-0.3,绿断 + 低吸有分 + 竞王达标
2026-04-22,2026-04-23,002217.XSHE,合力泰,绿断低吸,-1.773049645390068,173.01,33.16,0.0,0.0,-5.37,绿断 + 低吸有分 + 竞王达标
2026-04-22,2026-04-23,688811.XSHG,有研复材,首红断低吸,-2.560975609756111,171.37,102.69,0.0,0.0,-5.28,首红断 + 低吸有分 + 竞王达标
2026-04-22,2026-04-23,603773.XSHG,沃格光电,绿断低吸,3.791387888145481,168.4,3.7,0.0,0.0,-0.38,绿断 + 低吸有分 + 竞王达标
2026-04-22,2026-04-23,600234.XSHG,科新发展,红断低吸,6.802721088435382,154.1,1.68,0.0,0.0,-0.45,红断 + 低吸有分 + 竞王达标
2026-04-22,2026-04-23,001400.XSHE,江顺科技,绿断低吸,-1.4876823726381327,137.7,9.36,0.0,0.0,-2.14,绿断 + 低吸有分 + 竞王达标
2026-04-22,2026-04-23,600072.XSHG,中船科技,首红断低吸,-3.2927702219040844,123.48,1.22,0.0,0.0,-0.21,首红断 + 低吸有分 + 竞王达标
2026-04-22,2026-04-23,002418.XSHE,康盛股份,方向内绿盘低吸前3名,9.045226130653262,246.56,63.71,0.0,0.0,-2.61,方向内低吸排名1 + 绿断 + 低吸有分
2026-04-23,2026-04-24,001234.XSHE,泰慕士,接力低弱转1,19.9530516431925,511.16,0.0,17.78,0.0,0.88,弱转强 + 昨日连板 + 竞王达标
2026-04-23,2026-04-24,600815.XSHG,厦工股份,接力低弱转1,-15.46840958605664,390.67,0.0,27.54,0.0,1.55,弱转强 + 昨日连板 + 竞王达标
2026-04-23,2026-04-24,600815.XSHG,厦工股份,接力低弱转2,-15.46840958605664,390.67,0.0,27.54,0.0,1.55,高开弱转强 + 昨日连板 + 竞王达标
2026-04-23,2026-04-24,000990.XSHE,诚志股份,接力低弱转1,-0.3297609233305909,239.93,0.0,15.07,0.0,1.59,弱转强 + 昨日连板 + 竞王达标
2026-04-23,2026-04-24,000990.XSHE,诚志股份,接力低弱转2,-0.3297609233305909,239.93,0.0,15.07,0.0,1.59,高开弱转强 + 昨日连板 + 竞王达标
2026-04-23,2026-04-24,002124.XSHE,天邦食品,孕线低吸,-12.203389830508481,415.52,123.26,0.0,0.0,-2.96,强方向 + 孕线 + 低吸分达标
2026-04-23,2026-04-24,600103.XSHG,青山纸业,绿断低吸,-8.834586466165428,277.28,89.49,0.0,0.0,-3.27,绿断 + 低吸有分 + 竞王达标
2026-04-23,2026-04-24,600961.XSHG,株冶集团,红断低吸,5.738278516445061,271.36,43.4,0.0,0.0,-2.06,红断 + 低吸有分 + 竞王达标
2026-04-23,2026-04-24,603017.XSHG,中衡设计,绿断低吸,5.024088093599444,232.84,31.19,0.0,0.0,-2.87,绿断 + 低吸有分 + 竞王达标
2026-04-23,2026-04-24,600979.XSHG,广安爱众,绿断低吸,-5.182341650671773,212.35,9.05,0.0,0.0,-0.95,绿断 + 低吸有分 + 竞王达标
