buyDate,sellDate,code,name,mode,returnPct,xcjw,cjs,jsjl,openPctChange,reason,droppedModes,regime,isMainLine,isBigCap,adaptiveActive,adaptiveReason
2025-04-01,2025-04-02,301396.XSHE,宏景科技,接力低弱转2,-2.70433526011562,181.89,0.0,62.85,2.31,高开弱转强 + 昨日连板 + 竞王达标,,,,False,False,"excluded by --exclude-modes: 接力低弱转2; Tier4 dormant: 20 个交易日样本不足 (n5=0/n10=1/n20=2, 需 1/2/3)"
2025-04-01,2025-04-02,603789.XSHG,*ST星农,方向低位低吸,6.768189509306244,365.23,151.12,0.0,-7.66,方向内低吸排名1 + 低位 + 竞王达标,,,,False,True,Tier1 双窗口未一致: 5d avg=+6.33% / 10d avg=+1.36% (阈值 -9%/-5%)
2025-04-01,2025-04-02,603690.XSHG,至纯科技,方向内绿盘低吸前3名,4.941585781588587,251.2,184.45,0.0,-5.67,方向内低吸排名2 + 绿断 + 低吸有分,,,,False,False,excluded by --exclude-modes: 方向内绿盘低吸前3名; Tier1 双窗口未一致: 5d avg=+9.29% / 10d avg=+7.74% (阈值 -8%/-5%)
2025-04-03,2025-04-07,603072.XSHG,天和磁材,接力低弱转2,9.865470852017921,220.65,0.0,43.11,1.36,高开弱转强 + 昨日连板 + 竞王达标,,,,False,False,excluded by --exclude-modes: 接力低弱转2; Tier1 双窗口未一致: 5d avg=-2.70% / 10d avg=-1.19% (阈值 -4%/-2%)
2025-04-03,2025-04-07,300844.XSHE,山水比德,接力低弱转2,-16.116611232710966,245.04,0.0,23.24,1.61,高开弱转强 + 昨日连板 + 竞王达标,,,,False,False,excluded by --exclude-modes: 接力低弱转2; Tier1 双窗口未一致: 5d avg=-2.70% / 10d avg=-1.19% (阈值 -4%/-2%)
2025-04-07,2025-04-08,002058.XSHE,*ST威尔,红断低吸,-10.139534883720923,187.7,76.25999999999999,0.0,-9.82,红断 + 低吸有分 + 竞王达标,,,,False,False,Tier1 双窗口确认: 5d avg=-14.82%≤-4% AND 10d avg=-14.21%≤-2% (n=1/2)
2025-04-07,2025-04-08,603188.XSHG,亚邦股份,红断低吸,-7.671957671957664,264.31,185.07,0.0,-9.79,红断 + 低吸有分 + 竞王达标,,,,False,False,Tier1 双窗口确认: 5d avg=-14.82%≤-4% AND 10d avg=-14.21%≤-2% (n=1/2)
2025-04-07,2025-04-08,300561.XSHE,*ST汇科,孕线低吸,1.1195074167366537,494.93,1673.53,0.0,-17.39,强方向 + 孕线 + 低吸分达标,,,,False,False,Tier2 5d 单窗口保守: avg=-4.62%≤-4% n=1 (10d n<2)
2025-04-07,2025-04-08,600571.XSHG,信雅达,首红断低吸,-10.029647385352924,255.63,397.10999999999996,0.0,-10.05,首红断 + 低吸有分 + 竞王达标,"N字低吸,孕线低吸",,,False,True,Tier1 双窗口未一致: 5d avg=+1.61% / 10d avg=+0.61% (阈值 -4%/-2%)
2025-04-07,2025-04-08,002361.XSHE,神剑股份,N字低吸,-9.121621621621623,217.75,67.89,0.0,-9.62,强方向 + N字半位 + 低吸有分,,,,False,True,Tier1 双窗口未一致: 5d avg=+9.21% / 10d avg=+9.21% (阈值 -5%/-3%)
2025-04-07,2025-04-08,000753.XSHE,漳州发展,N字低吸,3.4343434343434343,361.97,222.27,0.0,-10.0,强方向 + N字半位 + 低吸有分,,,,False,True,Tier1 双窗口未一致: 5d avg=+9.21% / 10d avg=+9.21% (阈值 -5%/-3%)
2025-04-07,2025-04-08,301629.XSHE,矽电股份,N字低吸,-5.412486641155578,316.68,533.82,0.0,-3.6,强方向 + N字半位 + 低吸有分,,,,False,True,Tier1 双窗口未一致: 5d avg=+9.21% / 10d avg=+9.21% (阈值 -5%/-3%)
2025-04-07,2025-04-08,300485.XSHE,赛升药业,孕线低吸,-3.8787878787878816,344.83,212.97,0.0,-5.93,强方向 + 孕线 + 低吸分达标,,,,False,False,Tier2 5d 单窗口保守: avg=-4.62%≤-4% n=1 (10d n<2)
2025-04-07,2025-04-08,603686.XSHG,福龙马,N字低吸,-7.537688442211044,646.06,1276.89,0.0,-10.12,强方向 + N字半位 + 低吸有分,,,,False,True,Tier1 双窗口未一致: 5d avg=+9.21% / 10d avg=+9.21% (阈值 -5%/-3%)
2025-04-07,2025-04-08,600580.XSHG,卧龙电驱,N字低吸,-9.904448139788247,208.42,65.1,0.0,-10.04,强方向 + N字半位 + 低吸有分,,,,True,True,Tier1 双窗口未一致: 5d avg=+9.21% / 10d avg=+9.21% (阈值 -5%/-3%)
2025-04-07,2025-04-08,002370.XSHE,亚太药业,孕线低吸,-11.280487804878037,349.0,375.72,0.0,-8.38,强方向 + 孕线 + 低吸分达标,,,,False,False,Tier2 5d 单窗口保守: avg=-4.62%≤-4% n=1 (10d n<2)
2025-04-07,2025-04-08,603300.XSHG,海南华铁,孕线低吸,-10.90941256253255,210.69,138.57,0.0,-8.13,强方向 + 孕线 + 低吸分达标,,,,True,False,Tier2 5d 单窗口保守: avg=-4.62%≤-4% n=1 (10d n<2)
2025-04-07,2025-04-08,300611.XSHE,美力科技,N字低吸,2.789317758233767,202.27,313.41,0.0,-14.89,强方向 + N字半位 + 低吸有分,,,,False,True,Tier1 双窗口未一致: 5d avg=+9.21% / 10d avg=+9.21% (阈值 -5%/-3%)
2025-04-07,2025-04-08,300534.XSHE,陇神戎发,N字低吸,-1.207464324917662,230.64,79.98,0.0,-6.76,强方向 + N字半位 + 低吸有分,,,,False,True,Tier1 双窗口未一致: 5d avg=+9.21% / 10d avg=+9.21% (阈值 -5%/-3%)
2025-04-07,2025-04-08,002655.XSHE,共达电声,N字低吸,-9.159034138218146,319.67,480.81,0.0,-10.04,强方向 + N字半位 + 低吸有分,,,,False,True,Tier1 双窗口未一致: 5d avg=+9.21% / 10d avg=+9.21% (阈值 -5%/-3%)
2025-04-07,2025-04-08,300707.XSHE,威唐工业,孕线低吸,-10.006949270326626,244.5,121.83,0.0,-12.31,强方向 + 孕线 + 低吸分达标,,,,False,False,Tier2 5d 单窗口保守: avg=-4.62%≤-4% n=1 (10d n<2)
2025-04-07,2025-04-08,002206.XSHE,海利得,N字低吸,-9.976798143851507,233.28,57.66,0.0,-7.31,强方向 + N字半位 + 低吸有分,,,,False,True,Tier1 双窗口未一致: 5d avg=+9.21% / 10d avg=+9.21% (阈值 -5%/-3%)
2025-04-07,2025-04-08,600610.XSHG,中毅达,孕线低吸,-9.892729439809312,286.32,289.22999999999996,0.0,-9.98,强方向 + 孕线 + 低吸分达标,,,,False,False,Tier2 5d 单窗口保守: avg=-4.62%≤-4% n=1 (10d n<2)
2025-04-07,2025-04-08,600202.XSHG,哈空调,N字低吸,-10.97804391217565,235.75,62.31,0.0,-6.88,强方向 + N字半位 + 低吸有分,,,,False,True,Tier1 双窗口未一致: 5d avg=+9.21% / 10d avg=+9.21% (阈值 -5%/-3%)
2025-04-07,2025-04-08,600128.XSHG,苏豪弘业,N字低吸,-9.812108559498956,305.93,160.89,0.0,-10.05,强方向 + N字半位 + 低吸有分,孕线低吸,,,False,True,Tier1 双窗口未一致: 5d avg=+9.21% / 10d avg=+9.21% (阈值 -5%/-3%)
2025-04-07,2025-04-08,002734.XSHE,利民股份,孕线低吸,6.849315068493134,286.96,170.19,0.0,-7.34,强方向 + 孕线 + 低吸分达标,,,,False,False,Tier2 5d 单窗口保守: avg=-4.62%≤-4% n=1 (10d n<2)
2025-04-07,2025-04-08,001332.XSHE,锡装股份,N字低吸,-12.576530612244897,221.69,120.9,0.0,-5.06,强方向 + N字半位 + 低吸有分,孕线低吸,,,False,True,Tier1 双窗口未一致: 5d avg=+9.21% / 10d avg=+9.21% (阈值 -5%/-3%)
2025-04-07,2025-04-08,600506.XSHG,统一股份,N字低吸,-4.126984126984112,201.5,55.8,0.0,-9.05,强方向 + N字半位 + 低吸有分,,,,False,True,Tier1 双窗口未一致: 5d avg=+9.21% / 10d avg=+9.21% (阈值 -5%/-3%)
2025-04-07,2025-04-08,002255.XSHE,海陆重工,孕线低吸,-6.917850525015446,158.3,218.55,0.0,-10.0,强方向 + 孕线 + 低吸分达标,,,,False,False,Tier2 5d 单窗口保守: avg=-4.62%≤-4% n=1 (10d n<2)
2025-04-07,2025-04-08,301535.XSHE,浙江华远,孕线低吸,-19.05473566224546,170.2,605.43,0.0,-8.23,强方向 + 孕线 + 低吸分达标,,,,False,False,Tier2 5d 单窗口保守: avg=-4.62%≤-4% n=1 (10d n<2)
2025-04-07,2025-04-08,603630.XSHG,拉芳家化,首红断低吸,-0.837821663674454,135.69,15.81,0.0,-5.38,首红断 + 低吸有分 + 竞王达标,,,,False,True,Tier1 双窗口未一致: 5d avg=+1.61% / 10d avg=+0.61% (阈值 -4%/-2%)
2025-04-09,2025-04-10,002631.XSHE,德尔未来,方向低位低吸,3.688524590163933,175.64,31.62,0.0,-5.24,方向内低吸排名3 + 低位 + 竞王达标,,,False,False,True,Tier1 双窗口未一致: 5d avg=+6.77% / 10d avg=+6.48% (阈值 -6%/-4%)
2025-04-10,2025-04-11,301156.XSHE,美农生物,红断低吸,-8.174178762414064,475.99,1667.06,0.0,-15.49,红断 + 低吸有分 + 竞王达标,,,False,False,False,Tier1 双窗口确认: 5d avg=-8.91%≤-6% AND 10d avg=-10.88%≤-3% (n=2/3)
2025-04-10,2025-04-11,002549.XSHE,凯美特气,绿断低吸,5.44904137235116,445.48,1432.2,0.0,-9.99,绿断 + 低吸有分 + 竞王达标,方向内绿盘低吸前3名,,False,False,False,Tier2 10d 单窗口保守: avg=-5.95%≤-3% n=5 (5d n<1)
2025-04-10,2025-04-11,301533.XSHE,威马农机,首红断低吸,3.066708820739805,286.99,695.64,0.0,-5.02,首红断 + 低吸有分 + 竞王达标,,,False,False,True,Tier1 双窗口未一致: 5d avg=-5.43% / 10d avg=-1.21% (阈值 -6%/-3%)
2025-04-11,2025-04-14,002688.XSHE,金河生物,红断低吸,-13.0597014925373,235.52,346.89,0.0,-4.29,红断 + 低吸有分 + 竞王达标,孕线低吸,,,False,False,Tier1 双窗口确认: 5d avg=-8.66%≤-4% AND 10d avg=-10.20%≤-2% (n=3/4)
2025-04-14,2025-04-15,002094.XSHE,青岛金王,方向内绿盘低吸前3名,14.872521246458925,160.57,224.13000000000002,0.0,-4.59,方向内低吸排名1 + 绿断 + 低吸有分,,,,False,False,excluded by --exclude-modes: 方向内绿盘低吸前3名; Tier3 20d 兜底正向 (avg=+7.18% > -2%)
2025-04-15,2025-04-16,600753.XSHG,*ST海钦,方向低位低吸,-5.6761268781302165,254.71,33.48,0.0,-3.39,方向内低吸排名1 + 低位 + 竞王达标,方向内绿盘低吸前3名,,False,False,True,Tier1 双窗口未一致: 5d avg=+3.69% / 10d avg=+3.85% (阈值 -9%/-6%)
2025-04-16,2025-04-17,000626.XSHE,远大控股,方向内绿盘低吸前3名,-6.9084628670120996,159.3,10.23,0.0,-2.69,方向内低吸排名1 + 绿断 + 低吸有分,,,,False,False,excluded by --exclude-modes: 方向内绿盘低吸前3名; Tier1 双窗口未一致: 5d avg=+14.87% / 10d avg=+9.91% (阈值 -7%/-5%)
2025-04-18,2025-04-21,000668.XSHE,*ST荣控,方向低位低吸,-6.92567567567568,385.63,0.0,0.0,0.0,方向内低吸排名1 + 低位 + 竞王达标,,,False,False,True,Tier1 双窗口未一致: 5d avg=-5.68% / 10d avg=-0.99% (阈值 -7%/-4%)
2025-04-21,2025-04-22,301509.XSHE,金凯生科,方向低位低吸,-1.5714833269451889,316.4,419.43,0.0,-7.74,方向内低吸排名2 + 低位 + 竞王达标,,,False,False,True,Tier1 双窗口未一致: 5d avg=-6.30% / 10d avg=-2.97% (阈值 -6%/-3%)
2025-04-22,2025-04-23,605287.XSHG,德才股份,全盘低位低吸,-3.03756994404476,249.38,48.36,0.0,-5.16,低吸池前2 + 低位 + 竞王达标,,,,False,False,"Tier4 dormant: 20 个交易日样本不足 (n5=0/n10=0/n20=0, 需 1/2/3)"
2025-04-22,2025-04-23,300351.XSHE,永贵电器,方向低位低吸,-2.5746050321825753,201.62,11.16,0.0,-1.84,方向内低吸排名1 + 低位 + 竞王达标,,,,False,True,Tier1 双窗口未一致: 5d avg=-4.72% / 10d avg=-2.62% (阈值 -9%/-6%)
2025-04-22,2025-04-23,300296.XSHE,利亚德,方向低位低吸,-1.7857142857142905,162.99,5.58,0.0,-1.44,方向内低吸排名2 + 低位 + 竞王达标,,,,True,True,Tier1 双窗口未一致: 5d avg=-4.72% / 10d avg=-2.62% (阈值 -9%/-6%)
2025-04-22,2025-04-23,300696.XSHE,爱乐达,方向低位低吸,1.8539325842696464,312.16,93.0,0.0,-3.52,方向内低吸排名3 + 低位 + 竞王达标,,,,False,True,Tier1 双窗口未一致: 5d avg=-4.72% / 10d avg=-2.62% (阈值 -9%/-6%)
2025-04-23,2025-04-24,002583.XSHE,海能达,方向内绿盘低吸前3名,-5.900865460267502,151.09,47.43,0.0,-3.05,方向内低吸排名1 + 绿断 + 低吸有分,,,,True,False,excluded by --exclude-modes: 方向内绿盘低吸前3名; Tier1 双窗口未一致: 5d avg=-6.91% / 10d avg=+3.98% (阈值 -7%/-4%)
2025-04-24,2025-04-25,002816.XSHE,*ST和科,方向低位低吸,-2.393617021276595,426.17,0.0,58.76,3.49,方向内低吸排名3 + 低位 + 竞王达标,,,,False,True,Tier1 双窗口未一致: 5d avg=-2.20% / 10d avg=-2.78% (阈值 -8%/-5%)
2025-04-24,2025-04-25,002809.XSHE,红墙股份,方向内绿盘低吸前3名,21.283095723014256,217.15,560.7900000000001,0.0,-6.65,方向内低吸排名1 + 绿断 + 低吸有分,,,,False,False,excluded by --exclude-modes: 方向内绿盘低吸前3名; Tier1 双窗口未一致: 5d avg=-5.90% / 10d avg=+0.69% (阈值 -9%/-5%)
2025-04-24,2025-04-25,301277.XSHE,新天地,方向低位低吸,-0.8723235527359208,201.44,141.36,0.0,-1.41,方向内低吸排名2 + 低位 + 竞王达标,,,,False,True,Tier1 双窗口未一致: 5d avg=-2.20% / 10d avg=-2.78% (阈值 -8%/-5%)
2025-04-25,2025-04-28,000965.XSHE,天保基建,接力低弱转1,-17.81818181818182,404.88,0.0,214.09,5.77,弱转强 + 昨日连板 + 竞王达标,接力低弱转2,,,False,False,"Tier4 dormant: 20 个交易日样本不足 (n5=0/n10=0/n20=2, 需 1/2/3)"
2025-04-25,2025-04-28,002857.XSHE,三晖电气,全盘低位低吸,-2.971347718429429,258.53,121.83,0.0,-4.33,低吸池前2 + 低位 + 竞王达标,,,,False,True,Tier2 5d 单窗口正向 (avg=-3.04% > -7%)
2025-04-25,2025-04-28,688692.XSHG,达梦数据,方向低位低吸,0.6598338536921711,252.89,0.0,0.0,5.54,方向内低吸排名2 + 低位 + 竞王达标,,,,False,True,Tier1 双窗口未一致: 5d avg=-2.04% / 10d avg=-2.49% (阈值 -8%/-5%)
2025-04-25,2025-04-28,002215.XSHE,诺普信,方向低位低吸,0.10695187165774556,278.38,0.0,0.0,2.63,方向内低吸排名3 + 低位 + 竞王达标,,,,False,True,Tier1 双窗口未一致: 5d avg=-2.04% / 10d avg=-2.49% (阈值 -8%/-5%)
2025-04-28,2025-04-29,300326.XSHE,ST凯利,方向低位低吸,2.2058823529411686,323.04,580.26,0.0,-15.7,方向内低吸排名3 + 低位 + 竞王达标,,,False,False,True,Tier1 双窗口未一致: 5d avg=-0.82% / 10d avg=-1.92% (阈值 -8%/-5%)
2025-04-29,2025-04-30,301209.XSHE,联合化学,接力低弱转2,9.437477524972703,178.86,0.0,68.28,4.01,高开弱转强 + 昨日连板 + 竞王达标,,,False,False,False,excluded by --exclude-modes: 接力低弱转2; Tier3 20d 兜底: avg=-2.99%≤-3% n=3 (5d/10d 数据不足)
2025-05-06,2025-05-07,002581.XSHE,ST未名,接力低弱转1,7.23589001447178,274.68,0.0,49.24,4.54,弱转强 + 昨日连板 + 竞王达标,接力低弱转2,,False,False,False,Tier2 5d 单窗口保守: avg=-17.82%≤-8% n=1 (10d n<2)
2025-05-06,2025-05-07,002664.XSHE,信质集团,接力低弱转1,8.333333333333325,256.55,0.0,45.31,4.47,弱转强 + 昨日连板 + 竞王达标,接力低弱转2,,False,False,False,Tier2 5d 单窗口保守: avg=-17.82%≤-8% n=1 (10d n<2)
2025-05-06,2025-05-07,603065.XSHG,宿迁联盛,绿断低吸,5.915670232850845,419.36,553.73,0.0,-5.92,绿断 + 低吸有分 + 竞王达标,全盘低位低吸,,False,False,False,"Tier4 dormant: 20 个交易日样本不足 (n5=0/n10=0/n20=1, 需 1/2/3)"
2025-05-07,2025-05-08,603286.XSHG,日盈电子,接力低弱转2,-5.604483586869502,230.38,0.0,12.22,1.16,高开弱转强 + 昨日连板 + 竞王达标,,,False,False,False,excluded by --exclude-modes: 接力低弱转2; Tier2 5d 单窗口正向 (avg=+9.44% > -7%)
2025-05-07,2025-05-08,603359.XSHG,东珠生态,绿断低吸,-11.78977272727273,262.85,0.8410000000000001,0.0,-1.54,绿断 + 低吸有分 + 竞王达标,,,False,False,True,Tier2 5d 单窗口正向 (avg=+5.92% > -6%)
2025-05-07,2025-05-08,300423.XSHE,昇辉科技,方向低位低吸,-0.40431266846361336,154.92,0.21,0.0,-2.5,方向内低吸排名3 + 低位 + 竞王达标,,,False,False,True,Tier1 双窗口未一致: 5d avg=+0.99% / 10d avg=-1.13% (阈值 -8%/-5%)
2025-05-08,2025-05-09,000668.XSHE,*ST荣控,方向低位低吸,1.8181818181818077,157.39,0.0,0.0,2.23,方向内低吸排名1 + 低位 + 竞王达标,,,False,False,True,Tier1 双窗口未一致: 5d avg=+0.90% / 10d avg=-0.48% (阈值 -7%/-5%)
2025-05-08,2025-05-09,603506.XSHG,南都物业,方向低位低吸,-0.822669104204754,167.38,0.9,0.0,-0.91,方向内低吸排名2 + 低位 + 竞王达标,,,False,False,True,Tier1 双窗口未一致: 5d avg=+0.90% / 10d avg=-0.48% (阈值 -7%/-5%)
2025-05-09,2025-05-12,302132.XSHE,中航成飞,接力低弱转1,8.996943786271071,242.94,0.0,211.83,5.81,弱转强 + 昨日连板 + 竞王达标,接力低弱转2,,False,False,True,Tier1 双窗口未一致: 5d avg=+7.78% / 10d avg=-0.75% (阈值 -7%/-4%)
2025-05-09,2025-05-12,603030.XSHG,全筑股份,方向内绿盘低吸前3名,2.316602316602312,529.56,177.66,0.0,-9.76,方向内低吸排名2 + 绿断 + 低吸有分,,,False,True,False,excluded by --exclude-modes: 方向内绿盘低吸前3名; Tier2 10d 单窗口正向 (avg=+7.69% > -6%)
2025-05-13,2025-05-14,301050.XSHE,雷电微力,全盘低位低吸,-5.583452676612943,164.94,2.35,0.0,-1.99,低吸池前2 + 低位 + 竞王达标,,,False,False,False,"Tier4 dormant: 20 个交易日样本不足 (n5=0/n10=1/n20=2, 需 1/2/3)"
2025-05-15,2025-05-16,002981.XSHE,朝阳科技,方向内绿盘低吸前3名,-6.634544106745732,206.73,3.93,0.0,-2.03,方向内低吸排名3 + 绿断 + 低吸有分,,,False,False,False,excluded by --exclude-modes: 方向内绿盘低吸前3名; Tier2 5d 单窗口正向 (avg=+2.32% > -8%)
2025-05-19,2025-05-20,000566.XSHE,海南海药,首红断低吸,0.7092198581560183,167.92,2.0,0.0,-0.18,首红断 + 低吸有分 + 竞王达标,,,False,True,False,"Tier4 dormant: 20 个交易日样本不足 (n5=0/n10=0/n20=0, 需 1/2/3)"
2025-05-19,2025-05-20,605055.XSHG,迎丰股份,方向内绿盘低吸前3名,30.68459657701712,232.39,59.8,0.0,-7.26,方向内低吸排名3 + 绿断 + 低吸有分,,,False,False,False,excluded by --exclude-modes: 方向内绿盘低吸前3名; Tier1 双窗口未一致: 5d avg=-6.63% / 10d avg=-2.16% (阈值 -7%/-4%)
2025-05-20,2025-05-21,600530.XSHG,交大昂立,接力低弱转1,-4.757016599484243,245.72,0.0,9.8,1.01,弱转强 + 昨日连板 + 竞王达标,接力低弱转2,,False,False,True,Tier2 10d 单窗口正向 (avg=+8.19% > -5%)
2025-05-20,2025-05-21,002560.XSHE,通达股份,绿断低吸,-14.650388457269692,275.46,146.04,0.0,-3.33,绿断 + 低吸有分 + 竞王达标,方向内绿盘低吸前3名,,False,False,False,Tier2 10d 单窗口保守: avg=-2.94%≤-2% n=2 (5d n<1)
2025-05-21,2025-05-22,002651.XSHE,利君股份,方向内绿盘低吸前3名,16.46778042959427,490.57,575.83,0.0,-10.02,方向内低吸排名2 + 绿断 + 低吸有分,,,False,False,False,excluded by --exclude-modes: 方向内绿盘低吸前3名; Tier1 双窗口未一致: 5d avg=+12.03% / 10d avg=+8.79% (阈值 -8%/-5%)
2025-05-22,2025-05-23,600207.XSHG,安彩高科,绿断低吸,-11.226611226611228,185.27,33.65,0.0,-6.24,绿断 + 低吸有分 + 竞王达标,,,False,False,False,Tier2 5d 单窗口保守: avg=-14.65%≤-4% n=1 (10d n<2)
2025-05-22,2025-05-23,600468.XSHG,百利电气,绿断低吸,-1.6363636363636358,645.2,1004.63,0.0,-8.49,绿断 + 低吸有分 + 竞王达标,,,False,False,False,Tier2 5d 单窗口保守: avg=-14.65%≤-4% n=1 (10d n<2)
2025-05-22,2025-05-23,300069.XSHE,金利华电,绿断低吸,-10.919272048530093,589.98,449.09,0.0,-3.82,绿断 + 低吸有分 + 竞王达标,,,False,False,False,Tier2 5d 单窗口保守: avg=-14.65%≤-4% n=1 (10d n<2)
2025-05-22,2025-05-23,600550.XSHG,保变电气,绿断低吸,-4.77777777777777,186.03,54.0,0.0,-7.22,绿断 + 低吸有分 + 竞王达标,方向内绿盘低吸前3名,,False,True,False,Tier2 5d 单窗口保守: avg=-14.65%≤-4% n=1 (10d n<2)
2025-05-22,2025-05-23,600881.XSHG,亚泰集团,绿断低吸,-7.36842105263158,213.85,18.5,0.0,-2.56,绿断 + 低吸有分 + 竞王达标,,,False,True,False,Tier2 5d 单窗口保守: avg=-14.65%≤-4% n=1 (10d n<2)
2025-05-22,2025-05-23,001222.XSHE,源飞宠物,绿断低吸,-4.249871991807486,225.47,122.06,0.0,-4.92,绿断 + 低吸有分 + 竞王达标,,,False,False,False,Tier2 5d 单窗口保守: avg=-14.65%≤-4% n=1 (10d n<2)
2025-05-22,2025-05-23,605055.XSHG,迎丰股份,红断低吸,-4.504504504504514,137.61,20.92,0.0,-6.9,红断 + 低吸有分 + 竞王达标,,,False,False,False,"Tier4 dormant: 20 个交易日样本不足 (n5=0/n10=0/n20=0, 需 1/2/3)"
2025-05-22,2025-05-23,001206.XSHE,依依股份,首红断低吸,-3.947958725886047,135.41,33.75,0.0,-5.23,首红断 + 低吸有分 + 竞王达标,,,False,False,True,Tier2 5d 单窗口正向 (avg=+0.71% > -4%)
2025-05-22,2025-05-23,600053.XSHG,九鼎投资,绿断低吸,-6.495176848874607,213.6,24.38,0.0,-3.77,绿断 + 低吸有分 + 竞王达标,,,False,False,False,Tier2 5d 单窗口保守: avg=-14.65%≤-4% n=1 (10d n<2)
2025-05-22,2025-05-23,002813.XSHE,路畅科技,绿断低吸,-7.219357397857995,471.06,482.64,0.0,-8.99,绿断 + 低吸有分 + 竞王达标,,,False,False,False,Tier2 5d 单窗口保守: avg=-14.65%≤-4% n=1 (10d n<2)
2025-05-22,2025-05-23,301335.XSHE,天元宠物,绿断低吸,-2.3249806251614547,224.39,158.09,0.0,-4.7,绿断 + 低吸有分 + 竞王达标,,,False,False,False,Tier2 5d 单窗口保守: avg=-14.65%≤-4% n=1 (10d n<2)
2025-05-22,2025-05-23,002590.XSHE,万安科技,红断低吸,-1.3166144200626895,131.09,13.83,0.0,-2.39,红断 + 低吸有分 + 竞王达标,,,False,False,False,"Tier4 dormant: 20 个交易日样本不足 (n5=0/n10=0/n20=0, 需 1/2/3)"
2025-05-22,2025-05-23,600448.XSHG,华纺股份,N字低吸,-8.644859813084116,272.17,218.6,0.0,-6.55,强方向 + N字半位 + 低吸有分,,,False,False,False,"Tier4 dormant: 20 个交易日样本不足 (n5=0/n10=0/n20=0, 需 1/2/3)"
2025-05-23,2025-05-26,002882.XSHE,金龙羽,绿断低吸,14.320506575742797,379.87,86.29,0.0,-1.86,绿断 + 低吸有分 + 竞王达标,方向内绿盘低吸前3名,,False,False,False,Tier1 双窗口确认: 5d avg=-7.09%≤-4% AND 10d avg=-7.09%≤-2% (n=10/10)
2025-05-23,2025-05-26,600698.XSHG,湖南天雁,方向内绿盘低吸前3名,-3.7837837837837895,173.7,39.6,0.0,-6.92,方向内低吸排名2 + 绿断 + 低吸有分,,,False,False,False,excluded by --exclude-modes: 方向内绿盘低吸前3名; Tier1 双窗口未一致: 5d avg=+23.58% / 10d avg=+10.71% (阈值 -9%/-6%)
2025-05-23,2025-05-26,600463.XSHG,空港股份,方向内绿盘低吸前3名,-13.765182186234814,1176.2,1617.62,0.0,-5.44,方向内低吸排名1 + 绿断 + 低吸有分,,,False,False,False,excluded by --exclude-modes: 方向内绿盘低吸前3名; Tier1 双窗口未一致: 5d avg=+23.58% / 10d avg=+10.71% (阈值 -9%/-6%)
2025-05-23,2025-05-26,002811.XSHE,郑中设计,方向内绿盘低吸前3名,6.119287374128568,236.23,112.42,0.0,-6.11,方向内低吸排名3 + 绿断 + 低吸有分,,,False,False,False,excluded by --exclude-modes: 方向内绿盘低吸前3名; Tier1 双窗口未一致: 5d avg=+23.58% / 10d avg=+10.71% (阈值 -9%/-6%)
2025-05-26,2025-05-27,002639.XSHE,雪人集团,接力低弱转1,8.631578947368435,490.62,0.0,127.82,3.15,弱转强 + 昨日连板 + 竞王达标,接力低弱转2,,False,False,True,Tier2 5d 单窗口正向 (avg=-4.76% > -8%)
2025-05-26,2025-05-27,600137.XSHG,浪莎股份,方向内绿盘低吸前3名,-8.919152201016589,342.61,179.82,0.0,-5.61,方向内低吸排名2 + 绿断 + 低吸有分,,,False,False,False,excluded by --exclude-modes: 方向内绿盘低吸前3名; Tier1 双窗口未一致: 5d avg=+7.14% / 10d avg=+4.85% (阈值 -7%/-4%)
2025-05-26,2025-05-27,600149.XSHG,廊坊发展,方向内绿盘低吸前3名,-2.249134948096887,202.97,71.48,0.0,-5.86,方向内低吸排名3 + 绿断 + 低吸有分,,,False,False,False,excluded by --exclude-modes: 方向内绿盘低吸前3名; Tier1 双窗口未一致: 5d avg=+7.14% / 10d avg=+4.85% (阈值 -7%/-4%)
2025-05-27,2025-05-28,002549.XSHE,凯美特气,接力低弱转1,0.8364312267657992,352.88,0.0,99.35,4.87,弱转强 + 昨日连板 + 竞王达标,接力低弱转2,,False,False,True,Tier1 双窗口未一致: 5d avg=+1.94% / 10d avg=+1.94% (阈值 -7%/-5%)
2025-05-27,2025-05-28,002431.XSHE,棕榈股份,接力低弱转1,3.125,536.03,0.0,7.91,0.35,弱转强 + 昨日连板 + 竞王达标,,,False,True,True,Tier1 双窗口未一致: 5d avg=+1.94% / 10d avg=+1.94% (阈值 -7%/-5%)
2025-05-28,2025-05-29,600187.XSHG,国中水务,方向低位低吸,1.179941002949847,173.82,12.26,0.0,-2.87,方向内低吸排名3 + 低位 + 竞王达标,,,False,True,True,Tier3 20d 兜底正向 (avg=+0.59% > -4%)
2025-05-29,2025-05-30,300740.XSHE,水羊股份,接力低弱转1,-6.957547169811329,248.74,0.0,5.78,0.3,弱转强 + 昨日连板 + 竞王达标,,,False,False,True,Tier1 双窗口未一致: 5d avg=+4.20% / 10d avg=+1.96% (阈值 -8%/-5%)
2025-06-03,2025-06-04,600834.XSHG,申通地铁,方向低位低吸,1.8975332068311257,323.62,117.95,0.0,-7.97,方向内低吸排名1 + 低位 + 竞王达标,,,False,False,True,Tier2 5d 单窗口正向 (avg=+1.18% > -7%)
2025-06-04,2025-06-05,002878.XSHE,元隆雅图,方向内绿盘低吸前3名,9.692671394799035,379.06,458.03,0.0,-7.44,方向内低吸排名2 + 绿断 + 低吸有分,,,False,False,False,excluded by --exclude-modes: 方向内绿盘低吸前3名; Tier2 10d 单窗口正向 (avg=-1.02% > -4%)
2025-06-05,2025-06-06,002104.XSHE,恒宝股份,方向内绿盘低吸前3名,18.656109333477964,160.35,41.03,0.0,-3.15,方向内低吸排名3 + 绿断 + 低吸有分,,,False,False,False,excluded by --exclude-modes: 方向内绿盘低吸前3名; Tier1 双窗口未一致: 5d avg=+9.69% / 10d avg=+0.51% (阈值 -8%/-5%)
2025-06-06,2025-06-09,002345.XSHE,潮宏基,方向内绿盘低吸前3名,-3.177822853279233,366.51,66.55,0.0,-3.52,方向内低吸排名1 + 绿断 + 低吸有分,,,False,False,False,excluded by --exclude-modes: 方向内绿盘低吸前3名; Tier1 双窗口未一致: 5d avg=+14.17% / 10d avg=+0.82% (阈值 -7%/-5%)
2025-06-09,2025-06-10,000735.XSHE,罗牛山,全盘低位低吸,-0.6745362563237767,227.82,16.88,0.0,-2.31,低吸池前2 + 低位 + 竞王达标,,,False,False,False,"Tier4 dormant: 20 个交易日样本不足 (n5=0/n10=0/n20=1, 需 1/2/3)"
2025-06-09,2025-06-10,002037.XSHE,保利联合,方向低位低吸,0.5382131324004336,336.05,18.71,0.0,-1.17,方向内低吸排名2 + 低位 + 竞王达标,,,False,False,True,Tier1 双窗口未一致: 5d avg=+1.90% / 10d avg=+1.54% (阈值 -7%/-4%)
2025-06-09,2025-06-10,300829.XSHE,金丹科技,方向低位低吸,9.536637931034475,241.08,46.46,0.0,-5.64,方向内低吸排名2 + 低位 + 竞王达标,,,False,False,True,Tier1 双窗口未一致: 5d avg=+1.90% / 10d avg=+1.54% (阈值 -7%/-4%)
2025-06-10,2025-06-11,000795.XSHE,英洛华,接力低弱转1,6.418369191827877,314.88,0.0,9.05,0.73,弱转强 + 昨日连板 + 竞王达标,,,False,False,True,Tier2 10d 单窗口正向 (avg=+1.41% > -4%)
2025-06-10,2025-06-11,002878.XSHE,元隆雅图,接力低弱转1,5.048444671086183,286.44,0.0,49.14,2.14,弱转强 + 昨日连板 + 竞王达标,接力低弱转2,,False,False,True,Tier2 10d 单窗口正向 (avg=+1.41% > -4%)
2025-06-10,2025-06-11,002640.XSHE,跨境通,接力低弱转1,2.1484375,260.15,0.0,49.17,1.79,弱转强 + 昨日连板 + 竞王达标,接力低弱转2,,False,True,True,Tier2 10d 单窗口正向 (avg=+1.41% > -4%)
2025-06-11,2025-06-12,601022.XSHG,宁波远洋,接力低弱转1,-6.866297921037578,346.22,0.0,17.31,0.48,弱转强 + 昨日连板 + 竞王达标,,,False,True,True,Tier1 双窗口未一致: 5d avg=+4.54% / 10d avg=+1.77% (阈值 -7%/-4%)
2025-06-11,2025-06-12,603906.XSHG,龙蟠科技,接力低弱转1,-8.311688311688314,252.61,0.0,6.59,0.46,弱转强 + 昨日连板 + 竞王达标,,,False,False,True,Tier1 双窗口未一致: 5d avg=+4.54% / 10d avg=+1.77% (阈值 -7%/-4%)
2025-06-11,2025-06-12,300299.XSHE,富春股份,接力低弱转1,-1.5587529976019088,286.8,0.0,185.77,4.38,弱转强 + 昨日连板 + 竞王达标,接力低弱转2,,False,False,True,Tier1 双窗口未一致: 5d avg=+4.54% / 10d avg=+1.77% (阈值 -7%/-4%)
2025-06-11,2025-06-12,300745.XSHE,欣锐科技,方向低位低吸,14.568826995179428,201.23,0.0,0.0,9.5,方向内低吸排名1 + 低位 + 竞王达标,,,False,False,False,Tier1 双窗口未一致: 5d avg=+5.04% / 10d avg=+3.29% (阈值 -7%/-5%); openPctChange ≥ 6.0% (chasing high open)
2025-06-11,2025-06-12,301398.XSHE,星源卓镁,方向低位低吸,-3.6399548532731307,332.46,0.0,0.0,5.51,方向内低吸排名3 + 低位 + 竞王达标,,,False,False,True,Tier1 双窗口未一致: 5d avg=+5.04% / 10d avg=+3.29% (阈值 -7%/-5%)
2025-06-11,2025-06-12,600345.XSHG,长江通信,方向低位低吸,-1.2526913290272113,263.61,28.85,0.0,-2.52,方向内低吸排名1 + 低位 + 竞王达标,,,False,False,True,Tier1 双窗口未一致: 5d avg=+5.04% / 10d avg=+3.29% (阈值 -7%/-5%)
2025-06-11,2025-06-12,300189.XSHE,神农种业,方向低位低吸,-0.22321428571430157,207.38,74.67,0.0,-4.68,方向内低吸排名3 + 低位 + 竞王达标,,,False,False,True,Tier1 双窗口未一致: 5d avg=+5.04% / 10d avg=+3.29% (阈值 -7%/-5%)
2025-06-11,2025-06-12,300047.XSHE,天源迪科,方向低位低吸,-0.6076975016880426,206.71,13.26,0.0,-1.79,方向内低吸排名3 + 低位 + 竞王达标,,,False,False,True,Tier1 双窗口未一致: 5d avg=+5.04% / 10d avg=+3.29% (阈值 -7%/-5%)
2025-06-12,2025-06-13,002878.XSHE,元隆雅图,接力低弱转1,15.953488372093027,497.9,0.0,196.07,4.37,弱转强 + 昨日连板 + 竞王达标,接力低弱转2,,False,False,True,Tier1 双窗口未一致: 5d avg=-0.52% / 10d avg=-1.44% (阈值 -5%/-3%)
2025-06-12,2025-06-13,002861.XSHE,瀛通通讯,方向低位低吸,-7.532467532467535,207.44,0.0,0.0,3.36,方向内低吸排名2 + 低位 + 竞王达标,,,False,False,True,Tier1 双窗口未一致: 5d avg=+2.70% / 10d avg=+2.44% (阈值 -7%/-4%)
2025-06-13,2025-06-16,002237.XSHE,恒邦股份,接力低弱转1,-8.660251665433016,388.5,0.0,125.37,8.17,弱转强 + 昨日连板 + 竞王达标,接力低弱转2,,False,False,False,Tier1 双窗口未一致: 5d avg=+1.83% / 10d avg=+0.73% (阈值 -6%/-4%); openPctChange ≥ 6.0% (chasing high open)
2025-06-13,2025-06-16,003029.XSHE,吉大正元,接力低弱转1,10.125000000000007,752.39,0.0,225.93,5.45,弱转强 + 昨日连板 + 竞王达标,接力低弱转2,,False,False,True,Tier1 双窗口未一致: 5d avg=+1.83% / 10d avg=+0.73% (阈值 -6%/-4%)
2025-06-13,2025-06-16,301622.XSHE,英思特,接力低弱转2,-9.315262465864272,199.49,0.0,83.35,1.59,高开弱转强 + 昨日连板 + 竞王达标,,,False,False,False,"excluded by --exclude-modes: 接力低弱转2; Tier4 dormant: 20 个交易日样本不足 (n5=0/n10=0/n20=0, 需 1/2/3)"
2025-06-13,2025-06-16,002366.XSHE,融发核电,接力低弱转1,2.945113788487297,288.42,0.0,8.09,0.27,弱转强 + 昨日连板 + 竞王达标,,,False,True,True,Tier1 双窗口未一致: 5d avg=+1.83% / 10d avg=+0.73% (阈值 -6%/-4%)
2025-06-13,2025-06-16,300987.XSHE,川网传媒,接力低弱转1,-0.731094356865436,400.35,0.0,248.43,6.63,弱转强 + 昨日连板 + 竞王达标,接力低弱转2,,False,False,False,Tier1 双窗口未一致: 5d avg=+1.83% / 10d avg=+0.73% (阈值 -6%/-4%); openPctChange ≥ 6.0% (chasing high open)
2025-06-13,2025-06-16,000554.XSHE,泰山石油,方向低位低吸,14.701514701514707,586.04,0.0,0.0,5.98,方向内低吸排名2 + 低位 + 竞王达标,,,False,False,True,Tier1 双窗口未一致: 5d avg=+1.42% / 10d avg=+1.48% (阈值 -6%/-4%)
2025-06-13,2025-06-16,002861.XSHE,瀛通通讯,方向低位低吸,-1.9581363943281582,385.46,140.18,0.0,-3.33,方向内低吸排名1 + 低位 + 竞王达标,,,False,False,True,Tier1 双窗口未一致: 5d avg=+1.42% / 10d avg=+1.48% (阈值 -6%/-4%)
2025-06-13,2025-06-16,300230.XSHE,永利股份,方向低位低吸,0.5917159763313418,249.81,17.85,0.0,-1.55,方向内低吸排名3 + 低位 + 竞王达标,,,False,False,True,Tier1 双窗口未一致: 5d avg=+1.42% / 10d avg=+1.48% (阈值 -6%/-4%)
2025-06-16,2025-06-17,002449.XSHE,国星光电,首红断低吸,6.28803245436107,129.93,8.38,0.0,-1.99,首红断 + 低吸有分 + 竞王达标,,,,False,False,"Tier4 dormant: 20 个交易日样本不足 (n5=0/n10=0/n20=2, 需 1/2/3)"
2025-06-16,2025-06-17,603787.XSHG,新日股份,绿断低吸,-6.813020439061324,220.75,48.28,0.0,-5.03,绿断 + 低吸有分 + 竞王达标,,,,False,False,Tier3 20d 兜底: avg=-5.14%≤-1% n=11 (5d/10d 数据不足)
2025-06-17,2025-06-18,300872.XSHE,天阳科技,接力低弱转2,-4.55125478519779,290.17,0.0,163.41,3.66,高开弱转强 + 昨日连板 + 竞王达标,,,False,False,False,excluded by --exclude-modes: 接力低弱转2; Tier2 5d 单窗口保守: avg=-9.32%≤-4% n=1 (10d n<2)
2025-06-18,2025-06-19,002951.XSHE,金时科技,绿断低吸,2.615844544095669,232.87,76.67,0.0,-10.32,绿断 + 低吸有分 + 竞王达标,方向内绿盘低吸前3名,,False,False,False,Tier2 5d 单窗口保守: avg=-6.81%≤-4% n=1 (10d n<2)
2025-06-18,2025-06-19,300875.XSHE,捷强装备,红断低吸,14.492753623188426,232.41,21.95,0.0,-1.07,红断 + 低吸有分 + 竞王达标,,,False,False,False,"Tier4 dormant: 20 个交易日样本不足 (n5=0/n10=0/n20=2, 需 1/2/3)"
2025-06-18,2025-06-19,600792.XSHG,云煤能源,方向内绿盘低吸前3名,-3.878116343490301,489.61,216.27,0.0,-5.99,方向内低吸排名2 + 绿断 + 低吸有分,,,False,False,False,excluded by --exclude-modes: 方向内绿盘低吸前3名; Tier2 10d 单窗口正向 (avg=+8.39% > -4%)
2025-06-19,2025-06-20,300903.XSHE,科翔股份,接力低弱转1,-0.6363636363636349,328.81,0.0,157.63,3.48,弱转强 + 昨日连板 + 竞王达标,接力低弱转2,,False,False,True,Tier1 双窗口未一致: 5d avg=+3.93% / 10d avg=+1.50% (阈值 -6%/-4%)
2025-06-20,2025-06-23,301292.XSHE,海科新源,接力低弱转1,25.258215962441312,827.34,0.0,995.92,8.67,弱转强 + 昨日连板 + 竞王达标,接力低弱转2,,False,False,False,Tier1 双窗口未一致: 5d avg=+0.61% / 10d avg=+1.32% (阈值 -6%/-3%); openPctChange ≥ 6.0% (chasing high open)
2025-06-20,2025-06-23,300483.XSHE,首华燃气,接力低弱转1,5.067808708065669,449.12,0.0,165.15,4.71,弱转强 + 昨日连板 + 竞王达标,接力低弱转2,,False,False,True,Tier1 双窗口未一致: 5d avg=+0.61% / 10d avg=+1.32% (阈值 -6%/-3%)
2025-06-20,2025-06-23,603151.XSHG,邦基科技,绿断低吸,3.0800821355235986,200.59,13.27,0.0,-1.12,绿断 + 低吸有分 + 竞王达标,,,False,False,True,Tier1 双窗口未一致: 5d avg=-2.10% / 10d avg=-2.10% (阈值 -4%/-2%)
2025-06-23,2025-06-24,600794.XSHG,保税科技,接力低弱转1,5.102040816326525,414.91,0.0,62.77,2.94,弱转强 + 昨日连板 + 竞王达标,接力低弱转2,,False,True,True,Tier1 双窗口未一致: 5d avg=+9.90% / 10d avg=+3.30% (阈值 -7%/-4%)
2025-06-24,2025-06-25,603120.XSHG,肯特催化,首红断低吸,0.8578431372548989,199.07,12.66,0.0,-0.68,首红断 + 低吸有分 + 竞王达标,,,False,False,False,"Tier4 dormant: 20 个交易日样本不足 (n5=0/n10=1/n20=1, 需 1/2/3)"
2025-06-25,2025-06-26,603209.XSHG,兴通股份,绿断低吸,1.7487046632124414,263.66,55.21,0.0,-5.04,绿断 + 低吸有分 + 竞王达标,,,False,False,True,Tier1 双窗口未一致: 5d avg=+2.85% / 10d avg=-0.37% (阈值 -4%/-2%)
2025-06-25,2025-06-26,301678.XSHE,新恒汇,孕线低吸,2.1758241758241814,252.97,260.85,0.0,-5.23,强方向 + 孕线 + 低吸分达标,,,False,False,False,"Tier4 dormant: 20 个交易日样本不足 (n5=0/n10=0/n20=0, 需 1/2/3)"
2025-06-25,2025-06-26,300531.XSHE,优博讯,首红断低吸,4.597701149425282,221.21,50.01,0.0,-2.71,首红断 + 低吸有分 + 竞王达标,,,False,False,True,Tier1 双窗口未一致: 5d avg=+0.86% / 10d avg=+3.57% (阈值 -4%/-2%)
2025-06-26,2025-06-27,600318.XSHG,新力金融,接力低弱转1,-1.388888888888895,369.59,0.0,70.06,2.02,弱转强 + 昨日连板 + 竞王达标,接力低弱转2,,False,False,True,Tier1 双窗口未一致: 5d avg=+8.70% / 10d avg=+6.05% (阈值 -6%/-3%)
2025-06-26,2025-06-27,603123.XSHG,翠微股份,接力低弱转1,4.5883940620782715,260.44,0.0,31.26,1.58,弱转强 + 昨日连板 + 竞王达标,接力低弱转2,,False,False,True,Tier1 双窗口未一致: 5d avg=+8.70% / 10d avg=+6.05% (阈值 -6%/-3%)
2025-06-26,2025-06-27,300803.XSHE,指南针,接力低弱转2,-1.7752948479205388,214.94,0.0,38.69,2.43,高开弱转强 + 昨日连板 + 竞王达标,,,False,False,False,excluded by --exclude-modes: 接力低弱转2; Tier2 10d 单窗口保守: avg=-6.93%≤-2% n=2 (5d n<1)
2025-07-02,2025-07-03,300414.XSHE,中光防雷,绿断低吸,-8.043478260869573,124.13,18.32,0.0,-3.16,绿断 + 低吸有分 + 竞王达标,,,False,False,True,Tier1 双窗口未一致: 5d avg=+1.75% / 10d avg=+2.48% (阈值 -4%/-2%)
2025-07-02,2025-07-03,300600.XSHE,国瑞科技,首红断低吸,-6.596306068601587,146.02,26.31,0.0,-3.56,首红断 + 低吸有分 + 竞王达标,,,False,False,True,Tier1 双窗口未一致: 5d avg=+4.60% / 10d avg=+2.73% (阈值 -4%/-2%)
2025-07-02,2025-07-03,603212.XSHG,赛伍技术,首红断低吸,4.587869362363928,160.2,2.9,0.0,-0.08,首红断 + 低吸有分 + 竞王达标,,,False,False,True,Tier1 双窗口未一致: 5d avg=+4.60% / 10d avg=+2.73% (阈值 -4%/-2%)
2025-07-02,2025-07-03,000026.XSHE,飞亚达,绿断低吸,15.479115479115467,268.69,25.59,0.0,-1.39,绿断 + 低吸有分 + 竞王达标,,,False,False,True,Tier1 双窗口未一致: 5d avg=+1.75% / 10d avg=+2.48% (阈值 -4%/-2%)
2025-07-02,2025-07-03,600241.XSHG,时代万恒,绿断低吸,-7.157894736842108,472.16,484.3,0.0,-7.14,绿断 + 低吸有分 + 竞王达标,,,False,False,True,Tier1 双窗口未一致: 5d avg=+1.75% / 10d avg=+2.48% (阈值 -4%/-2%)
2025-07-02,2025-07-03,300293.XSHE,蓝英装备,首红断低吸,-4.904129793510325,153.18,56.5,0.0,-5.87,首红断 + 低吸有分 + 竞王达标,,,False,False,True,Tier1 双窗口未一致: 5d avg=+4.60% / 10d avg=+2.73% (阈值 -4%/-2%)
2025-07-03,2025-07-04,600876.XSHG,凯盛新能,接力低弱转1,2.4046434494195523,362.01,0.0,40.2,2.81,弱转强 + 昨日连板 + 竞王达标,接力低弱转2,,,False,True,Tier1 双窗口未一致: 5d avg=+1.60% / 10d avg=+6.33% (阈值 -7%/-4%)
2025-07-04,2025-07-07,002263.XSHE,大东南,接力低弱转1,-5.251141552511407,475.67,0.0,81.69,1.62,弱转强 + 昨日连板 + 竞王达标,接力低弱转2,,False,True,True,Tier1 双窗口未一致: 5d avg=+2.40% / 10d avg=+6.84% (阈值 -6%/-4%)
2025-07-04,2025-07-07,301150.XSHE,中一科技,接力低弱转1,-10.419069588619767,342.07,0.0,295.56,8.87,弱转强 + 昨日连板 + 竞王达标,接力低弱转2,,False,False,False,Tier1 双窗口未一致: 5d avg=+2.40% / 10d avg=+6.84% (阈值 -6%/-4%); openPctChange ≥ 6.0% (chasing high open)
2025-07-04,2025-07-07,600876.XSHG,凯盛新能,首红断低吸,-1.3256006628003303,318.7,7.19,0.0,-0.49,首红断 + 低吸有分 + 竞王达标,,,False,False,True,Tier1 双窗口未一致: 5d avg=-2.30% / 10d avg=-0.29% (阈值 -4%/-2%)
2025-07-04,2025-07-07,002549.XSHE,凯美特气,红断低吸,-12.006079027355621,164.57,7.33,0.0,-0.75,红断 + 低吸有分 + 竞王达标,,,False,False,False,"Tier4 dormant: 20 个交易日样本不足 (n5=0/n10=0/n20=1, 需 1/2/3)"
2025-07-04,2025-07-07,002669.XSHE,康达新材,方向内绿盘低吸前3名,-6.314243759177673,222.58,35.02,0.0,-1.87,方向内低吸排名3 + 绿断 + 低吸有分,,,False,False,False,"excluded by --exclude-modes: 方向内绿盘低吸前3名; Tier4 dormant: 20 个交易日样本不足 (n5=0/n10=0/n20=2, 需 1/2/3)"
2025-07-07,2025-07-08,603316.XSHG,诚邦股份,方向内绿盘低吸前3名,-10.99290780141844,408.89,214.35,0.0,-2.93,方向内低吸排名1 + 绿断 + 低吸有分,,,False,False,False,excluded by --exclude-modes: 方向内绿盘低吸前3名; Tier2 5d 单窗口保守: avg=-6.31%≤-6% n=1 (10d n<2)
2025-07-07,2025-07-08,002658.XSHE,雪迪龙,方向内绿盘低吸前3名,-6.194690265486713,352.75,196.76,0.0,-3.62,方向内低吸排名2 + 绿断 + 低吸有分,,,False,False,False,excluded by --exclude-modes: 方向内绿盘低吸前3名; Tier2 5d 单窗口保守: avg=-6.31%≤-6% n=1 (10d n<2)
2025-07-08,2025-07-09,301388.XSHE,欣灵电气,接力低弱转1,23.54758961681087,309.95,0.0,164.38,1.95,弱转强 + 昨日连板 + 竞王达标,接力低弱转2,,False,False,True,Tier1 双窗口未一致: 5d avg=-4.42% / 10d avg=-2.01% (阈值 -6%/-4%)
2025-07-08,2025-07-09,001210.XSHE,金房能源,首红断低吸,-3.1125827814569407,172.28,49.66,0.0,-5.15,首红断 + 低吸有分 + 竞王达标,,,False,False,True,Tier1 双窗口未一致: 5d avg=-2.06% / 10d avg=-0.46% (阈值 -4%/-2%)
2025-07-09,2025-07-10,000823.XSHE,超声电子,接力低弱转1,-3.793626707132014,259.68,0.0,9.56,0.76,弱转强 + 昨日连板 + 竞王达标,,,False,False,True,Tier1 双窗口未一致: 5d avg=+2.57% / 10d avg=+2.25% (阈值 -6%/-4%)
2025-07-09,2025-07-10,002520.XSHE,日发精机,接力低弱转1,4.552129221732759,777.7,0.0,37.11,1.04,弱转强 + 昨日连板 + 竞王达标,接力低弱转2,,False,False,True,Tier1 双窗口未一致: 5d avg=+2.57% / 10d avg=+2.25% (阈值 -6%/-4%)
2025-07-09,2025-07-10,600148.XSHG,长春一东,接力低弱转1,3.267700041893584,327.09,0.0,63.08,4.88,弱转强 + 昨日连板 + 竞王达标,接力低弱转2,,False,False,True,Tier1 双窗口未一致: 5d avg=+2.57% / 10d avg=+2.25% (阈值 -6%/-4%)
2025-07-11,2025-07-14,301378.XSHE,通达海,首红断低吸,-3.4223956769738884,122.48,22.06,0.0,-2.97,首红断 + 低吸有分 + 竞王达标,,,False,False,True,Tier1 双窗口未一致: 5d avg=-2.22% / 10d avg=-2.27% (阈值 -7%/-5%)
2025-07-14,2025-07-15,000892.XSHE,欢瑞世纪,方向内绿盘低吸前3名,-7.293666026871404,361.21,91.03,0.0,-1.7,方向内低吸排名1 + 绿断 + 低吸有分,,,False,False,False,excluded by --exclude-modes: 方向内绿盘低吸前3名; Tier1 双窗口确认: 5d avg=-8.59%≤-6% AND 10d avg=-7.83%≤-4% (n=2/3)
2025-07-15,2025-07-16,603856.XSHG,东宏股份,绿断低吸,-8.066306519647748,192.06,3.94,0.0,-0.73,绿断 + 低吸有分 + 竞王达标,,,False,False,True,Tier2 10d 单窗口正向 (avg=+0.09% > -2%)
2025-07-15,2025-07-16,002912.XSHE,中新赛克,首红断低吸,2.5095057034220547,445.71,142.6,0.0,-3.87,首红断 + 低吸有分 + 竞王达标,,,False,False,True,Tier1 双窗口未一致: 5d avg=-3.27% / 10d avg=-2.46% (阈值 -4%/-2%)
2025-07-15,2025-07-16,605122.XSHG,四方新材,方向内绿盘低吸前3名,-7.9617834394904445,445.15,324.34,0.0,-8.13,方向内低吸排名1 + 绿断 + 低吸有分,,,False,False,False,excluded by --exclude-modes: 方向内绿盘低吸前3名; Tier1 双窗口未一致: 5d avg=-7.29% / 10d avg=-7.70% (阈值 -9%/-6%)
2025-07-16,2025-07-17,603778.XSHG,国晟科技,方向内绿盘低吸前3名,-8.936170212765958,216.71,62.22,0.0,-4.86,方向内低吸排名3 + 绿断 + 低吸有分,,,False,False,False,excluded by --exclude-modes: 方向内绿盘低吸前3名; Tier1 双窗口确认: 5d avg=-7.63%≤-5% AND 10d avg=-7.75%≤-3% (n=2/5)
2025-07-18,2025-07-21,002951.XSHE,金时科技,绿断低吸,2.663706992230863,156.81,3.63,0.0,-1.04,绿断 + 低吸有分 + 竞王达标,,,False,False,False,Tier2 5d 单窗口保守: avg=-8.07%≤-4% n=1 (10d n<2)
2025-07-18,2025-07-21,002082.XSHE,万邦德,方向内绿盘低吸前3名,-3.170731707317065,182.56,22.97,0.0,-2.96,方向内低吸排名1 + 绿断 + 低吸有分,,,False,False,False,excluded by --exclude-modes: 方向内绿盘低吸前3名; Tier1 双窗口确认: 5d avg=-8.06%≤-7% AND 10d avg=-7.95%≤-4% (n=3/6)
2025-07-21,2025-07-22,002851.XSHE,麦格米特,接力低弱转1,-7.632817753866849,355.85,0.0,26.43,1.88,弱转强 + 昨日连板 + 竞王达标,接力低弱转2,,False,False,True,Tier2 10d 单窗口正向 (avg=+6.89% > -4%)
2025-07-21,2025-07-22,600629.XSHG,华建集团,接力低弱转1,12.209302325581394,330.27,0.0,102.32,7.84,弱转强 + 昨日连板 + 竞王达标,接力低弱转2,,False,False,False,Tier2 10d 单窗口正向 (avg=+6.89% > -4%); openPctChange ≥ 6.0% (chasing high open)
2025-07-22,2025-07-23,600620.XSHG,天宸股份,方向内绿盘低吸前3名,-5.519244734931005,387.14,202.54,0.0,-9.23,方向内低吸排名1 + 绿断 + 低吸有分,,,,False,False,excluded by --exclude-modes: 方向内绿盘低吸前3名; Tier1 双窗口未一致: 5d avg=-6.69% / 10d avg=-6.84% (阈值 -7%/-5%)
2025-07-23,2025-07-24,601699.XSHG,潞安环能,接力低弱转1,5.03703703703704,350.3,0.0,98.83,7.14,弱转强 + 昨日连板 + 竞王达标,接力低弱转2,,False,True,False,Tier1 双窗口未一致: 5d avg=+2.29% / 10d avg=+1.72% (阈值 -5%/-3%); openPctChange ≥ 6.0% (chasing high open)
2025-07-25,2025-07-28,002826.XSHE,易明医药,接力低弱转2,4.504927264195224,190.79,0.0,23.41,1.96,高开弱转强 + 昨日连板 + 竞王达标,,,False,False,False,"excluded by --exclude-modes: 接力低弱转2; Tier4 dormant: 20 个交易日样本不足 (n5=0/n10=0/n20=0, 需 1/2/3)"
2025-08-01,2025-08-04,300733.XSHE,西菱动力,接力低弱转1,5.525362318840599,325.16,0.0,147.33,6.62,弱转强 + 昨日连板 + 竞王达标,接力低弱转2,,False,False,False,Tier2 10d 单窗口正向 (avg=+3.20% > -4%); openPctChange ≥ 6.0% (chasing high open)
2025-08-01,2025-08-04,301171.XSHE,易点天下,接力低弱转1,-5.61546627926468,306.24,0.0,353.48,7.09,弱转强 + 昨日连板 + 竞王达标,接力低弱转2,,False,False,False,Tier2 10d 单窗口正向 (avg=+3.20% > -4%); openPctChange ≥ 6.0% (chasing high open)
2025-08-01,2025-08-04,001216.XSHE,华瓷股份,绿断低吸,-5.408970976253302,521.41,403.36,0.0,-9.6,绿断 + 低吸有分 + 竞王达标,方向内绿盘低吸前3名,,False,False,False,"Tier4 dormant: 20 个交易日样本不足 (n5=0/n10=1/n20=2, 需 1/2/3)"
2025-08-04,2025-08-05,603286.XSHG,日盈电子,接力低弱转1,9.055501460564752,303.3,0.0,2.21,0.13,弱转强 + 昨日连板 + 竞王达标,,,False,False,True,Tier1 双窗口未一致: 5d avg=-0.05% / 10d avg=+1.90% (阈值 -7%/-4%)
2025-08-04,2025-08-05,603767.XSHG,中马传动,接力低弱转1,18.669950738916242,246.38,0.0,19.07,1.96,弱转强 + 昨日连板 + 竞王达标,接力低弱转2,,False,False,True,Tier1 双窗口未一致: 5d avg=-0.05% / 10d avg=+1.90% (阈值 -7%/-4%)
2025-08-08,2025-08-11,603059.XSHG,倍加洁,方向内绿盘低吸前3名,-9.548706659328577,387.38,318.62,0.0,-10.03,方向内低吸排名1 + 绿断 + 低吸有分,,,False,False,False,excluded by --exclude-modes: 方向内绿盘低吸前3名; Tier3 20d 兜底: avg=-6.58%≤-3% n=5 (5d/10d 数据不足)
2025-08-11,2025-08-12,002148.XSHE,北纬科技,方向内绿盘低吸前3名,28.65168539325842,265.53,235.52,0.0,-5.92,方向内低吸排名2 + 绿断 + 低吸有分,,,False,False,False,excluded by --exclude-modes: 方向内绿盘低吸前3名; Tier2 5d 单窗口保守: avg=-9.55%≤-7% n=1 (10d n<2)
2025-08-12,2025-08-13,002418.XSHE,康盛股份,接力低弱转1,0.47505938242280443,460.52,0.0,4.37,0.24,弱转强 + 昨日连板 + 竞王达标,,,False,False,True,Tier2 10d 单窗口正向 (avg=+6.91% > -4%)
2025-08-15,2025-08-18,600410.XSHG,华胜天成,接力低弱转1,10.588235294117654,327.06,0.0,159.57,5.0,弱转强 + 昨日连板 + 竞王达标,接力低弱转2,,False,False,True,Tier1 双窗口未一致: 5d avg=+0.48% / 10d avg=+5.62% (阈值 -7%/-5%)
2025-08-18,2025-08-19,603002.XSHG,宏昌电子,接力低弱转1,0.9840098400984099,307.59,0.0,40.09,3.3,弱转强 + 昨日连板 + 竞王达标,接力低弱转2,,False,False,True,Tier1 双窗口未一致: 5d avg=+5.53% / 10d avg=+9.70% (阈值 -8%/-5%)
2025-08-21,2025-08-22,600361.XSHG,创新新材,接力低弱转1,-4.365904365904361,570.63,0.0,43.06,1.91,弱转强 + 昨日连板 + 竞王达标,接力低弱转2,,False,True,True,Tier1 双窗口未一致: 5d avg=+5.79% / 10d avg=+4.02% (阈值 -7%/-4%)
2025-08-21,2025-08-22,002476.XSHE,宝莫股份,接力低弱转1,-0.8802816901408383,324.14,0.0,3.35,0.18,弱转强 + 昨日连板 + 竞王达标,,,False,False,True,Tier1 双窗口未一致: 5d avg=+5.79% / 10d avg=+4.02% (阈值 -7%/-4%)
2025-08-22,2025-08-25,300730.XSHE,科创信息,孕线低吸,10.95686663361426,178.62,111.78,0.0,-6.84,强方向 + 孕线 + 低吸分达标,,,False,False,False,"Tier4 dormant: 20 个交易日样本不足 (n5=0/n10=0/n20=0, 需 1/2/3)"
2025-08-28,2025-08-29,605303.XSHG,园林股份,绿断低吸,-9.979633401222,338.36,381.42,0.0,-9.99,绿断 + 低吸有分 + 竞王达标,,,False,False,False,"Tier4 dormant: 20 个交易日样本不足 (n5=0/n10=0/n20=1, 需 1/2/3)"
